Backend,Driver,Format,RW,BS,IODepth,Numjobs,Round,BW(MiB/s),IOPS,LAT(ms),Util(%)
nvme-ssd,IDE,raw,read,4k,1,16,1,70.9297,18158,0.8800,99.9516
nvme-ssd,SCSI,raw,read,4k,1,16,1,397.6104,101788,0.1558,99.9116
nvme-ssd,IDE,raw,read,4k,8,16,1,211.1602,54057,2.3673,100.0000
nvme-ssd,SCSI,raw,read,4k,8,16,1,475.7568,121793,1.0499,100.0000
nvme-ssd,IDE,raw,read,4k,64,16,1,283.4668,72567,14.1098,99.9500
nvme-ssd,IDE,xfs,read,4k,1,16,1,55.4736,14201,1.1254,99.8735
nvme-ssd,SCSI,xfs,read,4k,1,16,1,390.5615,99983,0.1586,99.9233
nvme-ssd,IDE,xfs,read,4k,8,16,1,166.2314,42555,3.0072,99.8899
nvme-ssd,SCSI,xfs,read,4k,8,16,1,475.2266,121658,1.0508,100.0000
nvme-ssd,IDE,xfs,read,4k,64,16,1,312.3848,79970,12.8030,99.8799
nvme-ssd,SCSI,raw,read,4k,64,16,1,477.3555,122203,8.3769,100.0000
nvme-ssd,SCSI,xfs,read,4k,64,16,1,475.0908,121623,8.4097,100.0000
nvme-ssd,IDE,raw,read,16k,1,16,1,200.3945,12825,1.2465,99.8833
nvme-ssd,IDE,xfs,read,16k,1,16,1,149.4150,9562,1.6720,99.8749
nvme-ssd,SCSI,raw,read,16k,1,16,1,1050.8115,67251,0.2364,99.9083
nvme-ssd,SCSI,xfs,read,16k,1,16,1,1045.1562,66890,0.2377,99.9183
nvme-ssd,IDE,raw,read,16k,8,16,1,294.2803,18833,6.7953,99.8816
nvme-ssd,IDE,xfs,read,16k,8,16,1,318.3994,20377,6.2806,99.8949
nvme-ssd,SCSI,raw,read,16k,8,16,1,1748.3555,111894,1.1431,100.0000
nvme-ssd,SCSI,xfs,read,16k,8,16,1,1743.5771,111588,1.1462,100.0000
nvme-ssd,IDE,raw,read,16k,64,16,1,294.2354,18831,54.3716,99.8999
nvme-ssd,IDE,xfs,read,16k,64,16,1,304.1250,19464,52.6018,99.8799
nvme-ssd,SCSI,raw,read,16k,64,16,1,1780.9023,113977,8.9814,100.0000
nvme-ssd,SCSI,xfs,read,16k,64,16,1,1782.7471,114095,8.9637,100.0000
nvme-ssd,IDE,raw,read,64k,1,16,1,302.6318,4842,3.3029,99.8833
nvme-ssd,IDE,xfs,read,64k,1,16,1,306.1475,4898,3.2649,99.8849
nvme-ssd,SCSI,raw,read,64k,1,16,1,1685.2471,26963,0.5918,99.8799
nvme-ssd,SCSI,xfs,read,64k,1,16,1,1660.7764,26572,0.6005,99.8799
nvme-ssd,IDE,raw,read,64k,8,16,1,297.8555,4765,26.8543,99.8733
nvme-ssd,IDE,xfs,read,64k,8,16,1,316.5713,5065,25.2660,99.8649
nvme-ssd,SCSI,raw,read,64k,8,16,1,2109.0781,33745,3.7915,99.8799
nvme-ssd,SCSI,xfs,read,64k,8,16,1,2034.5830,32553,3.9302,99.8799
nvme-ssd,IDE,raw,read,64k,64,16,1,298.8555,4781,213.8522,99.8633
nvme-ssd,IDE,xfs,read,64k,64,16,1,324.0859,5185,197.2331,99.8683
nvme-ssd,SCSI,raw,read,64k,64,16,1,2107.8965,33726,30.3522,99.9433
nvme-ssd,SCSI,xfs,read,64k,64,16,1,2042.7178,32683,31.3169,99.9399
nvme-ssd,IDE,raw,read,256k,1,16,1,294.5361,1178,13.5783,99.8816
nvme-ssd,IDE,xfs,read,256k,1,16,1,322.3848,1289,12.4045,99.8749
nvme-ssd,SCSI,raw,read,256k,1,16,1,2078.9668,8315,1.9222,99.8816
nvme-ssd,SCSI,xfs,read,256k,1,16,1,2019.5566,8078,1.9787,99.8716
nvme-ssd,IDE,raw,read,256k,8,16,1,292.4814,1169,109.3390,99.9099
nvme-ssd,IDE,xfs,read,256k,8,16,1,324.6680,1298,98.5024,99.8949
nvme-ssd,SCSI,raw,read,256k,8,16,1,2040.4482,8161,15.6793,99.9249
nvme-ssd,SCSI,xfs,read,256k,8,16,1,2011.9883,8047,15.8998,99.9049
nvme-ssd,IDE,raw,read,256k,64,16,1,296.1992,1184,858.5500,99.8649
nvme-ssd,IDE,xfs,read,256k,64,16,1,341.5391,1366,745.1384,99.8683
nvme-ssd,SCSI,raw,read,256k,64,16,1,2022.6826,8090,126.4141,99.9833
nvme-ssd,SCSI,xfs,read,256k,64,16,1,2016.9766,8067,126.7475,99.9650
nvme-ssd,IDE,raw,write,4k,1,16,1,81.1689,20779,0.7687,99.9516
nvme-ssd,IDE,xfs,write,4k,1,16,1,83.2021,21299,0.7497,99.8816
nvme-ssd,SCSI,raw,write,4k,1,16,1,396.3291,101460,0.1563,99.9366
nvme-ssd,SCSI,xfs,write,4k,1,16,1,249.3262,63827,0.2492,79.2603
nvme-ssd,IDE,raw,write,4k,8,16,1,358.5986,91801,1.3937,100.0000
nvme-ssd,IDE,xfs,write,4k,8,16,1,323.7910,82890,1.5436,99.8916
nvme-ssd,SCSI,raw,write,4k,8,16,1,438.2197,112184,1.1396,100.0000
nvme-ssd,SCSI,xfs,write,4k,8,16,1,220.7939,56523,2.2626,78.5014
nvme-ssd,IDE,raw,write,4k,64,16,1,534.4629,136822,7.4834,99.9650
nvme-ssd,IDE,xfs,write,4k,64,16,1,236.9854,60668,16.8751,99.9033
nvme-ssd,SCSI,raw,write,4k,64,16,1,434.9062,111336,9.1944,100.0000
nvme-ssd,SCSI,xfs,write,4k,64,16,1,217.1582,55592,18.4145,69.8479
nvme-ssd,IDE,raw,write,16k,1,16,1,265.3555,16982,0.9407,99.9566
nvme-ssd,IDE,xfs,write,16k,1,16,1,228.4160,14618,1.0928,99.9049
nvme-ssd,SCSI,raw,write,16k,1,16,1,923.7109,59117,0.2691,99.9083
nvme-ssd,SCSI,xfs,write,16k,1,16,1,804.6436,51497,0.3090,95.9430
nvme-ssd,IDE,raw,write,16k,8,16,1,565.9688,36222,3.5331,99.9016
nvme-ssd,IDE,xfs,write,16k,8,16,1,658.8086,42163,3.0350,99.9099
nvme-ssd,SCSI,raw,write,16k,8,16,1,878.1406,56201,2.2764,99.9066
nvme-ssd,SCSI,xfs,write,16k,8,16,1,823.8535,52726,2.4262,92.9480
nvme-ssd,IDE,raw,write,16k,64,16,1,562.5059,36000,28.4424,99.9466
nvme-ssd,IDE,xfs,write,16k,64,16,1,584.5430,37410,27.3653,99.8966
nvme-ssd,SCSI,raw,write,16k,64,16,1,842.2842,53906,18.9923,99.9700
nvme-ssd,SCSI,xfs,write,16k,64,16,1,794.4238,50843,20.1345,83.2247
nvme-ssd,IDE,raw,write,64k,1,16,1,571.6436,9146,1.7480,99.9366
nvme-ssd,IDE,xfs,write,64k,1,16,1,570.8828,9134,1.7502,99.8799
nvme-ssd,SCSI,raw,write,64k,1,16,1,855.3408,13685,1.1674,99.8783
nvme-ssd,SCSI,xfs,write,64k,1,16,1,944.2100,15107,1.0573,99.8733
nvme-ssd,IDE,raw,write,64k,8,16,1,525.1055,8401,15.2330,99.9049
nvme-ssd,IDE,xfs,write,64k,8,16,1,679.3203,10869,11.7743,99.8799
nvme-ssd,SCSI,raw,write,64k,8,16,1,903.7793,14460,8.8496,99.8783
nvme-ssd,SCSI,xfs,write,64k,8,16,1,883.7617,14140,9.0495,99.8666
nvme-ssd,IDE,raw,write,64k,64,16,1,658.1787,10530,97.1615,99.8883
nvme-ssd,IDE,xfs,write,64k,64,16,1,685.0859,10961,93.3416,99.8982
nvme-ssd,SCSI,raw,write,64k,64,16,1,886.0361,14176,72.1944,99.9133
nvme-ssd,SCSI,xfs,write,64k,64,16,1,918.6797,14698,69.6184,99.8832
nvme-ssd,IDE,raw,write,256k,1,16,1,541.4033,2165,7.3861,99.9266
nvme-ssd,IDE,xfs,write,256k,1,16,1,701.3965,2805,5.7007,99.8833
nvme-ssd,SCSI,raw,write,256k,1,16,1,881.3340,3525,4.5364,99.8899
nvme-ssd,SCSI,xfs,write,256k,1,16,1,867.2871,3469,4.6098,99.8733
nvme-ssd,IDE,raw,write,256k,8,16,1,719.4316,2877,44.4651,99.8933
nvme-ssd,IDE,xfs,write,256k,8,16,1,707.9521,2831,45.1837,99.8949
nvme-ssd,SCSI,raw,write,256k,8,16,1,886.1318,3544,36.1030,99.9416
nvme-ssd,SCSI,xfs,write,256k,8,16,1,940.3965,3761,34.0167,99.8982
nvme-ssd,IDE,raw,write,256k,64,16,1,660.5596,2642,386.1849,99.8799
nvme-ssd,IDE,xfs,write,256k,64,16,1,699.5273,2798,364.8615,99.8449
nvme-ssd,SCSI,raw,write,256k,64,16,1,946.2637,3785,270.0415,99.9816
nvme-ssd,SCSI,xfs,write,256k,64,16,1,883.9238,3535,288.8702,99.9349
nvme-ssd,IDE,raw,randread,4k,1,16,1,25.1338,6434,2.4845,99.8716
nvme-ssd,IDE,xfs,randread,4k,1,16,1,25.3936,6500,2.4591,99.8699
nvme-ssd,SCSI,raw,randread,4k,1,16,1,375.1943,96049,0.1648,99.9033
nvme-ssd,SCSI,xfs,randread,4k,1,16,1,373.8604,95708,0.1654,99.9033
nvme-ssd,IDE,raw,randread,4k,8,16,1,25.7705,6597,19.3977,99.8749
nvme-ssd,IDE,xfs,randread,4k,8,16,1,25.7002,6579,19.4508,99.8716
nvme-ssd,SCSI,raw,randread,4k,8,16,1,471.6221,120735,1.0587,100.0000
nvme-ssd,SCSI,xfs,randread,4k,8,16,1,469.6875,120240,1.0624,100.0000
nvme-ssd,IDE,raw,randread,4k,64,16,1,26.7998,6860,149.0812,99.8633
nvme-ssd,IDE,xfs,randread,4k,64,16,1,26.6738,6828,149.7653,99.8633
nvme-ssd,SCSI,raw,randread,4k,64,16,1,469.4082,120168,8.5188,100.0000
nvme-ssd,SCSI,xfs,randread,4k,64,16,1,464.3320,118869,8.6018,100.0000
nvme-ssd,IDE,raw,randread,16k,1,16,1,75.2852,4818,3.3185,99.8766
nvme-ssd,IDE,xfs,randread,16k,1,16,1,75.0684,4804,3.3280,99.8649
nvme-ssd,SCSI,raw,randread,16k,1,16,1,1022.4600,65437,0.2427,99.8849
nvme-ssd,SCSI,xfs,randread,16k,1,16,1,1026.4678,65693,0.2417,99.9049
nvme-ssd,IDE,raw,randread,16k,8,16,1,75.6719,4843,26.4250,99.8783
nvme-ssd,IDE,xfs,randread,16k,8,16,1,76.0303,4865,26.2995,99.8749
nvme-ssd,SCSI,raw,randread,16k,8,16,1,1687.7637,108016,1.1839,100.0000
nvme-ssd,SCSI,xfs,randread,16k,8,16,1,1777.3311,113749,1.1241,100.0000
nvme-ssd,IDE,raw,randread,16k,64,16,1,78.4102,5018,203.7210,99.8783
nvme-ssd,IDE,xfs,randread,16k,64,16,1,78.1104,4999,204.4915,99.8966
nvme-ssd,SCSI,raw,randread,16k,64,16,1,1707.8867,109304,9.3649,100.0000
nvme-ssd,SCSI,xfs,randread,16k,64,16,1,1692.6592,108330,9.4387,100.0000
nvme-ssd,IDE,raw,randread,64k,1,16,1,174.0898,2785,5.7417,99.8716
nvme-ssd,IDE,xfs,randread,64k,1,16,1,174.2119,2787,5.7375,99.8783
nvme-ssd,SCSI,raw,randread,64k,1,16,1,1602.7969,25644,0.6220,99.8816
nvme-ssd,SCSI,xfs,randread,64k,1,16,1,1604.2510,25668,0.6214,99.8749
nvme-ssd,IDE,raw,randread,64k,8,16,1,183.9404,2943,43.4823,99.8766
nvme-ssd,IDE,xfs,randread,64k,8,16,1,181.4844,2903,44.0704,99.8749
nvme-ssd,SCSI,raw,randread,64k,8,16,1,1983.2402,31731,4.0319,99.8933
nvme-ssd,SCSI,xfs,randread,64k,8,16,1,2010.4941,32167,3.9771,99.8799
nvme-ssd,IDE,raw,randread,64k,64,16,1,185.0332,2960,344.8974,99.8716
nvme-ssd,IDE,xfs,randread,64k,64,16,1,184.8506,2957,345.2101,99.8849
nvme-ssd,SCSI,raw,randread,64k,64,16,1,1996.9893,31951,32.0394,99.9449
nvme-ssd,SCSI,xfs,randread,64k,64,16,1,2021.4316,32342,31.6469,99.9249
nvme-ssd,IDE,raw,randread,256k,1,16,1,295.4385,1181,13.5354,99.8999
nvme-ssd,IDE,xfs,randread,256k,1,16,1,322.5586,1290,12.3969,99.8716
nvme-ssd,SCSI,raw,randread,256k,1,16,1,2006.3242,8025,1.9916,99.8916
nvme-ssd,SCSI,xfs,randread,256k,1,16,1,2019.8818,8079,1.9781,99.8783
nvme-ssd,IDE,raw,randread,256k,8,16,1,295.0586,1180,108.3844,99.8716
nvme-ssd,IDE,xfs,randread,256k,8,16,1,311.7949,1247,102.5770,99.8666
nvme-ssd,SCSI,raw,randread,256k,8,16,1,1987.7949,7951,16.0939,99.9299
nvme-ssd,SCSI,xfs,randread,256k,8,16,1,2003.2158,8012,15.9694,99.9199
nvme-ssd,IDE,raw,randread,256k,64,16,1,294.9834,1179,862.0312,99.8699
nvme-ssd,IDE,xfs,randread,256k,64,16,1,312.3779,1249,814.0998,99.8699
nvme-ssd,SCSI,raw,randread,256k,64,16,1,2016.9639,8067,126.8071,99.9933
nvme-ssd,SCSI,xfs,randread,256k,64,16,1,2012.6582,8050,127.0281,99.9783
nvme-ssd,IDE,raw,randwrite,4k,1,16,1,47.9639,12278,1.3009,99.8916
nvme-ssd,IDE,xfs,randwrite,4k,1,16,1,47.5225,12165,1.3130,99.9166
nvme-ssd,SCSI,raw,randwrite,4k,1,16,1,379.1250,97056,0.1631,99.9199
nvme-ssd,SCSI,xfs,randwrite,4k,1,16,1,247.0547,63246,0.2512,79.1869
nvme-ssd,IDE,raw,randwrite,4k,8,16,1,48.1260,12320,10.3865,99.9700
nvme-ssd,IDE,xfs,randwrite,4k,8,16,1,48.4980,12415,10.3067,99.9066
nvme-ssd,SCSI,raw,randwrite,4k,8,16,1,434.4492,111219,1.1494,100.0000
nvme-ssd,SCSI,xfs,randwrite,4k,8,16,1,217.4414,55665,2.2973,68.1269
nvme-ssd,IDE,raw,randwrite,4k,64,16,1,51.0674,13073,78.2785,99.9233
nvme-ssd,IDE,xfs,randwrite,4k,64,16,1,51.0674,13073,78.2774,99.9083
nvme-ssd,SCSI,raw,randwrite,4k,64,16,1,427.8418,109527,9.3456,100.0000
nvme-ssd,SCSI,xfs,randwrite,4k,64,16,1,216.9385,55536,18.4291,68.5211
nvme-ssd,IDE,raw,randwrite,16k,1,16,1,170.8516,10934,1.4611,99.9316
nvme-ssd,IDE,xfs,randwrite,16k,1,16,1,168.9521,10812,1.4775,99.8999
nvme-ssd,SCSI,raw,randwrite,16k,1,16,1,859.8008,55027,0.2889,99.8816
nvme-ssd,SCSI,xfs,randwrite,16k,1,16,1,810.9199,51898,0.3064,92.2811
nvme-ssd,IDE,raw,randwrite,16k,8,16,1,173.7109,11117,11.5106,99.9233
nvme-ssd,IDE,xfs,randwrite,16k,8,16,1,172.6582,11050,11.5805,99.9216
nvme-ssd,SCSI,raw,randwrite,16k,8,16,1,812.9424,52028,2.4586,99.9016
nvme-ssd,SCSI,xfs,randwrite,16k,8,16,1,804.5254,51489,2.4834,78.7149
nvme-ssd,IDE,raw,randwrite,16k,64,16,1,185.9902,11903,85.9621,99.9583
nvme-ssd,IDE,xfs,randwrite,16k,64,16,1,185.2861,11858,86.2929,99.9349
nvme-ssd,SCSI,raw,randwrite,16k,64,16,1,860.4482,55068,18.5900,99.9983
nvme-ssd,SCSI,xfs,randwrite,16k,64,16,1,793.6875,50796,20.1532,83.6413
nvme-ssd,IDE,raw,randwrite,64k,1,16,1,502.8555,8045,1.9864,99.9033
nvme-ssd,IDE,xfs,randwrite,64k,1,16,1,501.9434,8031,1.9900,99.8849
nvme-ssd,SCSI,raw,randwrite,64k,1,16,1,884.6680,14154,1.1284,99.8899
nvme-ssd,SCSI,xfs,randwrite,64k,1,16,1,851.7295,13627,1.1720,99.8683
nvme-ssd,IDE,raw,randwrite,64k,8,16,1,519.6211,8313,15.3923,99.9583
nvme-ssd,IDE,xfs,randwrite,64k,8,16,1,515.4395,8247,15.5171,99.9183
nvme-ssd,SCSI,raw,randwrite,64k,8,16,1,833.1797,13330,9.5993,99.8983
nvme-ssd,SCSI,xfs,randwrite,64k,8,16,1,856.5586,13704,9.3368,99.8749
nvme-ssd,IDE,raw,randwrite,64k,64,16,1,540.3965,8646,118.3117,99.9516
nvme-ssd,IDE,xfs,randwrite,64k,64,16,1,539.0146,8624,118.6295,99.9132
nvme-ssd,SCSI,raw,randwrite,64k,64,16,1,829.4033,13270,77.1236,99.8999
nvme-ssd,SCSI,xfs,randwrite,64k,64,16,1,840.0400,13440,76.1391,99.8782
nvme-ssd,IDE,raw,randwrite,256k,1,16,1,840.6670,3362,4.7556,99.9083
nvme-ssd,IDE,xfs,randwrite,256k,1,16,1,760.1230,3040,5.2596,99.8883
nvme-ssd,SCSI,raw,randwrite,256k,1,16,1,837.3994,3349,4.7744,99.8899
nvme-ssd,SCSI,xfs,randwrite,256k,1,16,1,897.2207,3588,4.4556,99.8683
nvme-ssd,IDE,raw,randwrite,256k,8,16,1,741.8994,2967,43.1178,99.9533
nvme-ssd,IDE,xfs,randwrite,256k,8,16,1,743.6152,2974,43.0184,99.9166
nvme-ssd,SCSI,raw,randwrite,256k,8,16,1,911.2871,3645,35.1064,99.9399
nvme-ssd,SCSI,xfs,randwrite,256k,8,16,1,873.0195,3492,36.6417,99.8933
nvme-ssd,IDE,raw,randwrite,256k,64,16,1,741.3936,2965,344.3705,99.8783
nvme-ssd,IDE,xfs,randwrite,256k,64,16,1,762.2988,3049,334.8538,99.8466
nvme-ssd,SCSI,raw,randwrite,256k,64,16,1,862.2764,3449,296.2783,99.9700
nvme-ssd,SCSI,xfs,randwrite,256k,64,16,1,805.1348,3220,317.1432,99.9232
nvme-ssd,IDE,raw,rw,4k,1,16,1,27.2012,6963,4.5901,99.9283
nvme-ssd,IDE,xfs,rw,4k,1,16,1,27.7432,7101,4.5007,99.8916
nvme-ssd,SCSI,raw,rw,4k,1,16,1,372.7754,95430,0.3324,99.9433
nvme-ssd,SCSI,xfs,rw,4k,1,16,1,322.4648,82551,0.3845,99.8666
nvme-ssd,IDE,raw,rw,4k,8,16,1,92.6846,23726,10.7896,99.9366
nvme-ssd,IDE,xfs,rw,4k,8,16,1,95.0586,24334,10.5198,99.8799
nvme-ssd,SCSI,raw,rw,4k,8,16,1,458.1484,117286,2.1810,100.0000
nvme-ssd,SCSI,xfs,rw,4k,8,16,1,285.0742,72978,3.5050,99.9216
nvme-ssd,IDE,raw,rw,4k,64,16,1,280.6094,71836,28.4983,99.9133
nvme-ssd,IDE,xfs,rw,4k,64,16,1,271.5498,69516,29.4453,99.8816
nvme-ssd,SCSI,raw,rw,4k,64,16,1,457.4287,117101,17.4841,100.0000
nvme-ssd,SCSI,xfs,rw,4k,64,16,1,279.2041,71476,28.6390,99.8766
nvme-ssd,IDE,raw,rw,16k,1,16,1,88.1484,5641,5.6659,99.9149
nvme-ssd,IDE,xfs,rw,16k,1,16,1,86.1514,5513,5.7970,99.8833
nvme-ssd,SCSI,raw,rw,16k,1,16,1,810.6162,51878,0.6139,99.8883
nvme-ssd,SCSI,xfs,rw,16k,1,16,1,820.4844,52510,0.6062,99.8849
nvme-ssd,IDE,raw,rw,16k,8,16,1,231.7012,14828,17.2584,99.9166
nvme-ssd,IDE,xfs,rw,16k,8,16,1,230.3408,14740,17.3603,99.8983
nvme-ssd,SCSI,raw,rw,16k,8,16,1,1306.8574,83638,3.0591,99.9716
nvme-ssd,SCSI,xfs,rw,16k,8,16,1,1061.8291,67956,3.7646,99.8949
nvme-ssd,IDE,raw,rw,16k,64,16,1,286.6543,18345,111.6519,99.9166
nvme-ssd,IDE,xfs,rw,16k,64,16,1,286.1094,18310,111.8532,99.8766
nvme-ssd,SCSI,raw,rw,16k,64,16,1,1309.4951,83807,24.4324,100.0000
nvme-ssd,SCSI,xfs,rw,16k,64,16,1,1026.9678,65725,31.1508,99.9033
nvme-ssd,IDE,raw,rw,64k,1,16,1,221.2969,3540,9.0290,99.9216
nvme-ssd,IDE,xfs,rw,64k,1,16,1,221.3525,3541,9.0265,99.8716
nvme-ssd,SCSI,raw,rw,64k,1,16,1,1182.0840,18912,1.6883,99.8899
nvme-ssd,SCSI,xfs,rw,64k,1,16,1,1120.4756,17927,1.7812,99.8716
nvme-ssd,IDE,raw,rw,64k,8,16,1,305.5127,4887,52.2857,99.9249
nvme-ssd,IDE,xfs,rw,64k,8,16,1,308.7480,4939,51.7468,99.8749
nvme-ssd,SCSI,raw,rw,64k,8,16,1,1305.5225,20887,12.2517,99.8833
nvme-ssd,SCSI,xfs,rw,64k,8,16,1,1296.5234,20743,12.3360,99.8783
nvme-ssd,IDE,raw,rw,64k,64,16,1,374.5918,5992,341.1371,99.9066
nvme-ssd,IDE,xfs,rw,64k,64,16,1,367.3076,5876,347.9835,99.8649
nvme-ssd,SCSI,raw,rw,64k,64,16,1,1342.9658,21487,95.2648,99.9266
nvme-ssd,SCSI,xfs,rw,64k,64,16,1,1303.8906,20861,98.1161,99.9066
nvme-ssd,IDE,raw,rw,256k,1,16,1,379.2881,1517,21.0545,99.8983
nvme-ssd,IDE,xfs,rw,256k,1,16,1,384.6289,1538,20.7710,99.8783
nvme-ssd,SCSI,raw,rw,256k,1,16,1,1191.0049,4763,6.7158,99.8983
nvme-ssd,SCSI,xfs,rw,256k,1,16,1,1288.5166,5153,6.2071,99.8833
nvme-ssd,IDE,raw,rw,256k,8,16,1,352.4893,1409,181.0394,99.9316
nvme-ssd,IDE,xfs,rw,256k,8,16,1,417.3535,1668,152.8975,99.9082
nvme-ssd,SCSI,raw,rw,256k,8,16,1,1287.8955,5150,49.6833,99.9399
nvme-ssd,SCSI,xfs,rw,256k,8,16,1,1230.3369,4920,52.0039,99.8949
nvme-ssd,IDE,raw,rw,256k,64,16,1,361.8672,1446,1405.0042,99.8816
nvme-ssd,IDE,xfs,rw,256k,64,16,1,474.1289,1895,1074.3908,99.8382
nvme-ssd,SCSI,raw,rw,256k,64,16,1,1336.9424,5347,382.3727,99.9866
nvme-ssd,SCSI,xfs,rw,256k,64,16,1,1285.9336,5142,397.3915,99.9316
nvme-ssd,IDE,raw,randrw,4k,1,16,1,31.8564,8154,3.9189,99.9083
nvme-ssd,IDE,xfs,randrw,4k,1,16,1,31.5225,8069,3.9604,99.9049
nvme-ssd,SCSI,raw,randrw,4k,1,16,1,310.9434,79601,0.3985,99.9083
nvme-ssd,SCSI,xfs,randrw,4k,1,16,1,294.1699,75307,0.4213,99.8899
nvme-ssd,IDE,raw,randrw,4k,8,16,1,31.7998,8140,31.4253,99.9049
nvme-ssd,IDE,xfs,randrw,4k,8,16,1,31.6875,8112,31.5376,99.8833
nvme-ssd,SCSI,raw,randrw,4k,8,16,1,449.1191,114974,2.2244,100.0000
nvme-ssd,SCSI,xfs,randrw,4k,8,16,1,287.5977,73625,3.4732,99.8799
nvme-ssd,IDE,raw,randrw,4k,64,16,1,33.1855,8495,240.8134,99.8849
nvme-ssd,IDE,xfs,randrw,4k,64,16,1,33.2344,8508,240.4733,99.8716
nvme-ssd,SCSI,raw,randrw,4k,64,16,1,454.8438,116439,17.5830,100.0000
nvme-ssd,SCSI,xfs,randrw,4k,64,16,1,286.6152,73373,27.9035,99.8799
nvme-ssd,IDE,raw,randrw,16k,1,16,1,90.8350,5813,5.4986,99.9016
nvme-ssd,IDE,xfs,randrw,16k,1,16,1,90.7471,5806,5.5038,99.8833
nvme-ssd,SCSI,raw,randrw,16k,1,16,1,712.5801,45605,0.6982,99.9116
nvme-ssd,SCSI,xfs,randrw,16k,1,16,1,700.8574,44854,0.7098,99.8749
nvme-ssd,IDE,raw,randrw,16k,8,16,1,94.0859,6020,42.4361,99.8966
nvme-ssd,IDE,xfs,randrw,16k,8,16,1,93.4814,5982,42.7119,99.8833
nvme-ssd,SCSI,raw,randrw,16k,8,16,1,1251.8584,80118,3.1927,99.9499
nvme-ssd,SCSI,xfs,randrw,16k,8,16,1,1084.1602,69386,3.6863,99.8799
nvme-ssd,IDE,raw,randrw,16k,64,16,1,96.7969,6194,330.1452,99.8933
nvme-ssd,IDE,xfs,randrw,16k,64,16,1,96.6719,6186,330.5454,99.8866
nvme-ssd,SCSI,raw,randrw,16k,64,16,1,1256.3623,80407,25.4659,100.0000
nvme-ssd,SCSI,xfs,randrw,16k,64,16,1,1039.6904,66539,30.7640,99.8949
nvme-ssd,IDE,raw,randrw,64k,1,16,1,224.4092,3590,8.9040,99.9033
nvme-ssd,IDE,xfs,randrw,64k,1,16,1,223.8369,3581,8.9269,99.8816
nvme-ssd,SCSI,raw,randrw,64k,1,16,1,1143.9814,18303,1.7439,99.8799
nvme-ssd,SCSI,xfs,randrw,64k,1,16,1,1194.9463,19118,1.6693,99.8683
nvme-ssd,IDE,raw,randrw,64k,8,16,1,235.7725,3771,67.7134,99.9133
nvme-ssd,IDE,xfs,randrw,64k,8,16,1,231.7910,3707,68.8715,99.8799
nvme-ssd,SCSI,raw,randrw,64k,8,16,1,1268.4180,20294,12.6095,99.8833
nvme-ssd,SCSI,xfs,randrw,64k,8,16,1,1336.2510,21379,11.9685,99.8699
nvme-ssd,IDE,raw,randrw,64k,64,16,1,225.8350,3612,565.3767,99.9033
nvme-ssd,IDE,xfs,randrw,64k,64,16,1,236.6504,3785,539.5889,99.8583
nvme-ssd,SCSI,raw,randrw,64k,64,16,1,1328.5723,21256,96.3040,99.9333
nvme-ssd,SCSI,xfs,randrw,64k,64,16,1,1309.8750,20957,97.6699,99.8982
nvme-ssd,IDE,raw,randrw,256k,1,16,1,367.0771,1468,21.7479,99.9333
nvme-ssd,IDE,xfs,randrw,256k,1,16,1,378.3838,1513,21.1043,99.8849
nvme-ssd,SCSI,raw,randrw,256k,1,16,1,1251.8535,5007,6.3884,99.8916
nvme-ssd,SCSI,xfs,randrw,256k,1,16,1,1291.2363,5164,6.1932,99.8749
nvme-ssd,IDE,raw,randrw,256k,8,16,1,379.9219,1518,168.0607,99.9083
nvme-ssd,IDE,xfs,randrw,256k,8,16,1,394.3916,1576,161.9225,99.8916
nvme-ssd,SCSI,raw,randrw,256k,8,16,1,1320.8164,5283,48.4458,99.8999
nvme-ssd,SCSI,xfs,randrw,256k,8,16,1,1280.1602,5119,49.9790,99.9049
nvme-ssd,IDE,raw,randrw,256k,64,16,1,358.7988,1435,1417.8885,99.8833
nvme-ssd,IDE,xfs,randrw,256k,64,16,1,391.5518,1565,1300.5246,99.8399
nvme-ssd,SCSI,raw,randrw,256k,64,16,1,1339.5713,5357,381.5791,99.9783
nvme-ssd,SCSI,xfs,randrw,256k,64,16,1,1304.2061,5216,391.9503,99.9299
nvme-ssd,IDE,raw,read,4k,1,16,2,59.1162,15133,1.0559,99.8899
nvme-ssd,IDE,xfs,read,4k,1,16,2,58.8428,15063,1.0609,99.8783
nvme-ssd,SCSI,raw,read,4k,1,16,2,391.7998,100300,0.1581,99.9266
nvme-ssd,SCSI,xfs,read,4k,1,16,2,392.0801,100372,0.1579,99.9183
nvme-ssd,IDE,raw,read,4k,8,16,2,189.7646,48579,2.6342,100.0000
nvme-ssd,IDE,xfs,read,4k,8,16,2,192.1602,49193,2.6014,99.9566
nvme-ssd,SCSI,raw,read,4k,8,16,2,471.2217,120632,1.0600,100.0000
nvme-ssd,SCSI,xfs,read,4k,8,16,2,475.2422,121662,1.0505,100.0000
nvme-ssd,IDE,raw,read,4k,64,16,2,286.9287,73453,13.9396,99.8816
nvme-ssd,IDE,xfs,read,4k,64,16,2,303.0693,77585,13.1968,99.9116
nvme-ssd,SCSI,raw,read,4k,64,16,2,466.2568,119361,8.5764,100.0000
nvme-ssd,SCSI,xfs,read,4k,64,16,2,470.5264,120454,8.4890,100.0000
nvme-ssd,IDE,raw,read,16k,1,16,2,182.2900,11666,1.3703,99.8766
nvme-ssd,IDE,xfs,read,16k,1,16,2,156.7207,10030,1.5940,99.8833
nvme-ssd,SCSI,raw,read,16k,1,16,2,1038.9590,66493,0.2391,99.8999
nvme-ssd,SCSI,xfs,read,16k,1,16,2,1037.5547,66403,0.2394,99.9100
nvme-ssd,IDE,raw,read,16k,8,16,2,303.2744,19409,6.5937,99.8783
nvme-ssd,IDE,xfs,read,16k,8,16,2,312.0049,19968,6.4091,99.8699
nvme-ssd,SCSI,raw,read,16k,8,16,2,1674.1543,107145,1.1938,100.0000
nvme-ssd,SCSI,xfs,read,16k,8,16,2,1727.6182,110567,1.1568,100.0000
nvme-ssd,IDE,raw,read,16k,64,16,2,297.2539,19024,53.8212,99.9183
nvme-ssd,IDE,xfs,read,16k,64,16,2,297.5303,19041,53.7690,99.8883
nvme-ssd,SCSI,raw,read,16k,64,16,2,1693.2607,108368,9.4455,100.0000
nvme-ssd,SCSI,xfs,read,16k,64,16,2,1710.6426,109481,9.3392,100.0000
nvme-ssd,IDE,raw,read,64k,1,16,2,302.3086,4836,3.3064,99.8683
nvme-ssd,IDE,xfs,read,64k,1,16,2,298.5430,4776,3.3481,99.8733
nvme-ssd,SCSI,raw,read,64k,1,16,2,1644.5420,26312,0.6065,99.8766
nvme-ssd,SCSI,xfs,read,64k,1,16,2,1646.6816,26346,0.6056,99.8816
nvme-ssd,IDE,raw,read,64k,8,16,2,298.7275,4779,26.7762,99.8816
nvme-ssd,IDE,xfs,read,64k,8,16,2,319.6738,5114,25.0210,99.8866
nvme-ssd,SCSI,raw,read,64k,8,16,2,1942.6885,31083,4.1164,99.8883
nvme-ssd,SCSI,xfs,read,64k,8,16,2,1991.6426,31866,4.0150,99.8816
nvme-ssd,IDE,raw,read,64k,64,16,2,295.2236,4723,216.4256,99.8666
nvme-ssd,IDE,xfs,read,64k,64,16,2,314.3174,5029,203.3064,99.8666
nvme-ssd,SCSI,raw,read,64k,64,16,2,2012.2549,32196,31.7955,99.9483
nvme-ssd,SCSI,xfs,read,64k,64,16,2,2042.6611,32682,31.3176,99.9299
nvme-ssd,IDE,raw,read,256k,1,16,2,295.4268,1181,13.5372,99.8783
nvme-ssd,IDE,xfs,read,256k,1,16,2,317.4961,1269,12.5959,99.8749
nvme-ssd,SCSI,raw,read,256k,1,16,2,1974.3086,7897,2.0243,99.8816
nvme-ssd,SCSI,xfs,read,256k,1,16,2,2013.5234,8054,1.9847,99.8899
nvme-ssd,IDE,raw,read,256k,8,16,2,293.7383,1174,108.8844,99.8616
nvme-ssd,IDE,xfs,read,256k,8,16,2,323.7207,1294,98.7860,99.8599
nvme-ssd,SCSI,raw,read,256k,8,16,2,1955.0488,7820,16.3642,99.9333
nvme-ssd,SCSI,xfs,read,256k,8,16,2,1971.5898,7886,16.2261,99.9216
nvme-ssd,IDE,raw,read,256k,64,16,2,295.2969,1181,861.0951,99.8649
nvme-ssd,IDE,xfs,read,256k,64,16,2,335.0420,1340,759.7954,99.8633
nvme-ssd,SCSI,raw,read,256k,64,16,2,2016.6133,8066,126.8169,99.9950
nvme-ssd,SCSI,xfs,read,256k,64,16,2,2001.7285,8006,127.7202,99.9800
nvme-ssd,IDE,raw,write,4k,1,16,2,74.2520,19008,0.8403,99.9166
nvme-ssd,IDE,xfs,write,4k,1,16,2,75.7285,19386,0.8238,99.8866
nvme-ssd,SCSI,raw,write,4k,1,16,2,382.0264,97798,0.1621,99.9450
nvme-ssd,SCSI,xfs,write,4k,1,16,2,246.9395,63216,0.2516,79.2489
nvme-ssd,IDE,raw,write,4k,8,16,2,361.4629,92534,1.3827,100.0000
nvme-ssd,IDE,xfs,write,4k,8,16,2,291.5020,74624,1.7146,99.9099
nvme-ssd,SCSI,raw,write,4k,8,16,2,434.7354,111292,1.1490,100.0000
nvme-ssd,SCSI,xfs,write,4k,8,16,2,218.9258,56045,2.2820,77.3346
nvme-ssd,IDE,raw,write,4k,64,16,2,548.4492,140403,7.2926,99.9566
nvme-ssd,IDE,xfs,write,4k,64,16,2,231.2441,59198,17.2915,99.8999
nvme-ssd,SCSI,raw,write,4k,64,16,2,434.3193,111185,9.2067,100.0000
nvme-ssd,SCSI,xfs,write,4k,64,16,2,220.2705,56389,18.1516,69.9858
nvme-ssd,IDE,raw,write,16k,1,16,2,300.0771,19204,0.8317,99.8899
nvme-ssd,IDE,xfs,write,16k,1,16,2,242.0225,15489,1.0314,99.9183
nvme-ssd,SCSI,raw,write,16k,1,16,2,937.8369,60021,0.2650,99.9166
nvme-ssd,SCSI,xfs,write,16k,1,16,2,871.2188,55758,0.2853,91.9885
nvme-ssd,IDE,raw,write,16k,8,16,2,523.1963,33484,3.8220,99.9199
nvme-ssd,IDE,xfs,write,16k,8,16,2,667.1826,42699,2.9969,99.9033
nvme-ssd,SCSI,raw,write,16k,8,16,2,910.6865,58283,2.1950,99.9033
nvme-ssd,SCSI,xfs,write,16k,8,16,2,810.4072,51866,2.4659,93.1160
nvme-ssd,IDE,raw,write,16k,64,16,2,567.8896,36344,28.1727,99.9616
nvme-ssd,IDE,xfs,write,16k,64,16,2,562.5811,36005,28.4342,99.8933
nvme-ssd,SCSI,raw,write,16k,64,16,2,910.4160,58266,17.5708,99.9616
nvme-ssd,SCSI,xfs,write,16k,64,16,2,785.7920,50290,20.3557,81.3805
nvme-ssd,IDE,raw,write,64k,1,16,2,605.4932,9687,1.6501,99.9149
nvme-ssd,IDE,xfs,write,64k,1,16,2,578.1816,9250,1.7280,99.8816
nvme-ssd,SCSI,raw,write,64k,1,16,2,858.3887,13734,1.1633,99.8816
nvme-ssd,SCSI,xfs,write,64k,1,16,2,942.3047,15076,1.0594,99.8683
nvme-ssd,IDE,raw,write,64k,8,16,2,543.3828,8694,14.7204,99.8933
nvme-ssd,IDE,xfs,write,64k,8,16,2,651.1621,10418,12.2835,99.8849
nvme-ssd,SCSI,raw,write,64k,8,16,2,976.0303,15616,8.1945,99.8799
nvme-ssd,SCSI,xfs,write,64k,8,16,2,914.7744,14636,8.7430,99.8699
nvme-ssd,IDE,raw,write,64k,64,16,2,617.9561,9887,103.4889,99.8983
nvme-ssd,IDE,xfs,write,64k,64,16,2,707.1572,11314,90.4426,99.8716
nvme-ssd,SCSI,raw,write,64k,64,16,2,884.4463,14151,72.3216,99.9083
nvme-ssd,SCSI,xfs,write,64k,64,16,2,883.7471,14139,72.3794,99.8766
nvme-ssd,IDE,raw,write,256k,1,16,2,547.3633,2189,7.3057,99.9383
nvme-ssd,IDE,xfs,write,256k,1,16,2,708.4346,2833,5.6440,99.8883
nvme-ssd,SCSI,raw,write,256k,1,16,2,908.2852,3633,4.4019,99.8799
nvme-ssd,SCSI,xfs,write,256k,1,16,2,912.0879,3648,4.3833,99.8816
nvme-ssd,IDE,raw,write,256k,8,16,2,706.2500,2825,45.2951,99.8833
nvme-ssd,IDE,xfs,write,256k,8,16,2,718.7490,2874,44.5029,99.9032
nvme-ssd,SCSI,raw,write,256k,8,16,2,898.8848,3595,35.5923,99.9449
nvme-ssd,SCSI,xfs,write,256k,8,16,2,884.8828,3539,36.1501,99.8999
nvme-ssd,IDE,raw,write,256k,64,16,2,662.8584,2651,384.9708,99.8799
nvme-ssd,IDE,xfs,write,256k,64,16,2,696.3984,2785,366.4330,99.8366
nvme-ssd,SCSI,raw,write,256k,64,16,2,914.3096,3657,279.5011,99.9633
nvme-ssd,SCSI,xfs,write,256k,64,16,2,892.2402,3568,286.2303,99.9416
nvme-ssd,IDE,raw,randread,4k,1,16,2,24.2959,6219,2.5702,99.8883
nvme-ssd,IDE,xfs,randread,4k,1,16,2,25.7012,6579,2.4296,99.8866
nvme-ssd,SCSI,raw,randread,4k,1,16,2,372.1904,95280,0.1661,99.9016
nvme-ssd,SCSI,xfs,randread,4k,1,16,2,370.4395,94832,0.1669,99.9066
nvme-ssd,IDE,raw,randread,4k,8,16,2,25.7490,6591,19.4144,99.8866
nvme-ssd,IDE,xfs,randread,4k,8,16,2,25.5947,6552,19.5308,99.8733
nvme-ssd,SCSI,raw,randread,4k,8,16,2,469.1807,120110,1.0642,100.0000
nvme-ssd,SCSI,xfs,randread,4k,8,16,2,470.7705,120517,1.0599,100.0000
nvme-ssd,IDE,raw,randread,4k,64,16,2,26.8770,6880,148.6565,99.8599
nvme-ssd,IDE,xfs,randread,4k,64,16,2,26.5898,6807,150.2392,99.8566
nvme-ssd,SCSI,raw,randread,4k,64,16,2,465.3008,119117,8.5941,100.0000
nvme-ssd,SCSI,xfs,randread,4k,64,16,2,465.3652,119133,8.5844,100.0000
nvme-ssd,IDE,raw,randread,16k,1,16,2,75.2725,4817,3.3190,99.8783
nvme-ssd,IDE,xfs,randread,16k,1,16,2,75.0488,4803,3.3288,99.8683
nvme-ssd,SCSI,raw,randread,16k,1,16,2,1025.1328,65608,0.2420,99.9033
nvme-ssd,SCSI,xfs,randread,16k,1,16,2,1030.8018,65971,0.2406,99.9066
nvme-ssd,IDE,raw,randread,16k,8,16,2,76.0469,4867,26.2946,99.8849
nvme-ssd,IDE,xfs,randread,16k,8,16,2,75.4814,4830,26.4918,99.8699
nvme-ssd,SCSI,raw,randread,16k,8,16,2,1667.4443,106716,1.1983,100.0000
nvme-ssd,SCSI,xfs,randread,16k,8,16,2,1657.7881,106098,1.2051,100.0000
nvme-ssd,IDE,raw,randread,16k,64,16,2,78.0479,4995,204.6844,99.8599
nvme-ssd,IDE,xfs,randread,16k,64,16,2,77.8936,4985,205.0696,99.8633
nvme-ssd,SCSI,raw,randread,16k,64,16,2,1675.7305,107246,9.5442,100.0000
nvme-ssd,SCSI,xfs,randread,16k,64,16,2,1676.5859,107301,9.5284,100.0000
nvme-ssd,IDE,raw,randread,64k,1,16,2,177.5605,2840,5.6294,99.8716
nvme-ssd,IDE,xfs,randread,64k,1,16,2,174.1328,2786,5.7401,99.8733
nvme-ssd,SCSI,raw,randread,64k,1,16,2,1608.8242,25741,0.6196,99.8733
nvme-ssd,SCSI,xfs,randread,64k,1,16,2,1604.6475,25674,0.6212,99.8733
nvme-ssd,IDE,raw,randread,64k,8,16,2,181.9277,2910,43.9640,99.8666
nvme-ssd,IDE,xfs,randread,64k,8,16,2,183.1543,2930,43.6682,99.8833
nvme-ssd,SCSI,raw,randread,64k,8,16,2,1994.4102,31910,4.0092,99.8833
nvme-ssd,SCSI,xfs,randread,64k,8,16,2,1986.4678,31783,4.0252,99.8883
nvme-ssd,IDE,raw,randread,64k,64,16,2,185.2041,2963,344.6772,99.8916
nvme-ssd,IDE,xfs,randread,64k,64,16,2,185.0176,2960,344.9196,99.8733
nvme-ssd,SCSI,raw,randread,64k,64,16,2,2010.7676,32172,31.8201,99.9349
nvme-ssd,SCSI,xfs,randread,64k,64,16,2,1992.0234,31872,32.1158,99.9283
nvme-ssd,IDE,raw,randread,256k,1,16,2,301.6289,1206,13.2575,99.8749
nvme-ssd,IDE,xfs,randread,256k,1,16,2,321.5967,1286,12.4341,99.8683
nvme-ssd,SCSI,raw,randread,256k,1,16,2,2045.1064,8180,1.9538,99.8749
nvme-ssd,SCSI,xfs,randread,256k,1,16,2,1967.0811,7868,2.0312,99.8699
nvme-ssd,IDE,raw,randread,256k,8,16,2,288.7227,1154,110.7688,99.8649
nvme-ssd,IDE,xfs,randread,256k,8,16,2,321.8652,1287,99.3584,99.8866
nvme-ssd,SCSI,raw,randread,256k,8,16,2,2013.2588,8053,15.8905,99.9333
nvme-ssd,SCSI,xfs,randread,256k,8,16,2,1998.0088,7992,16.0098,99.9316
nvme-ssd,IDE,raw,randread,256k,64,16,2,294.9434,1179,862.1774,99.8683
nvme-ssd,IDE,xfs,randread,256k,64,16,2,321.0557,1284,792.1156,99.8649
nvme-ssd,SCSI,raw,randread,256k,64,16,2,2012.1768,8048,127.0922,99.9917
nvme-ssd,SCSI,xfs,randread,256k,64,16,2,1996.4170,7985,128.0472,99.9766
nvme-ssd,IDE,raw,randwrite,4k,1,16,2,47.9561,12276,1.3011,99.9049
nvme-ssd,IDE,xfs,randwrite,4k,1,16,2,47.5645,12176,1.3118,99.8933
nvme-ssd,SCSI,raw,randwrite,4k,1,16,2,383.7881,98249,0.1611,99.9133
nvme-ssd,SCSI,xfs,randwrite,4k,1,16,2,245.2852,62793,0.2530,79.2156
nvme-ssd,IDE,raw,randwrite,4k,8,16,2,48.8408,12503,10.2346,99.9266
nvme-ssd,IDE,xfs,randwrite,4k,8,16,2,47.6582,12200,10.4884,99.9166
nvme-ssd,SCSI,raw,randwrite,4k,8,16,2,431.9375,110576,1.1560,100.0000
nvme-ssd,SCSI,xfs,randwrite,4k,8,16,2,215.1436,55076,2.3219,67.7318
nvme-ssd,IDE,raw,randwrite,4k,64,16,2,51.2295,13114,78.0303,99.9299
nvme-ssd,IDE,xfs,randwrite,4k,64,16,2,50.7324,12987,78.7962,99.8966
nvme-ssd,SCSI,raw,randwrite,4k,64,16,2,436.9170,111850,9.1521,100.0000
nvme-ssd,SCSI,xfs,randwrite,4k,64,16,2,215.9219,55276,18.5162,68.6617
nvme-ssd,IDE,raw,randwrite,16k,1,16,2,170.9180,10938,1.4605,99.9133
nvme-ssd,IDE,xfs,randwrite,16k,1,16,2,168.9502,10812,1.4775,99.9083
nvme-ssd,SCSI,raw,randwrite,16k,1,16,2,874.6670,55978,0.2839,99.8866
nvme-ssd,SCSI,xfs,randwrite,16k,1,16,2,864.8535,55350,0.2872,91.2469
nvme-ssd,IDE,raw,randwrite,16k,8,16,2,173.3350,11093,11.5354,99.9433
nvme-ssd,IDE,xfs,randwrite,16k,8,16,2,171.2061,10957,11.6788,99.9216
nvme-ssd,SCSI,raw,randwrite,16k,8,16,2,878.2705,56209,2.2756,99.9383
nvme-ssd,SCSI,xfs,randwrite,16k,8,16,2,821.4209,52570,2.4326,80.6584
nvme-ssd,IDE,raw,randwrite,16k,64,16,2,185.4873,11871,86.1969,99.9183
nvme-ssd,IDE,xfs,randwrite,16k,64,16,2,183.4893,11743,87.1391,99.8949
nvme-ssd,SCSI,raw,randwrite,16k,64,16,2,826.4512,52892,19.3563,99.9766
nvme-ssd,SCSI,xfs,randwrite,16k,64,16,2,791.2695,50641,20.2110,79.4930
nvme-ssd,IDE,raw,randwrite,64k,1,16,2,509.1992,8147,1.9616,99.9483
nvme-ssd,IDE,xfs,randwrite,64k,1,16,2,505.4395,8087,1.9761,99.8749
nvme-ssd,SCSI,raw,randwrite,64k,1,16,2,874.1611,13986,1.1419,99.8833
nvme-ssd,SCSI,xfs,randwrite,64k,1,16,2,884.9082,14158,1.1279,99.8633
nvme-ssd,IDE,raw,randwrite,64k,8,16,2,521.8604,8349,15.3266,99.9300
nvme-ssd,IDE,xfs,randwrite,64k,8,16,2,530.5547,8488,15.0749,99.8933
nvme-ssd,SCSI,raw,randwrite,64k,8,16,2,883.7412,14139,9.0498,99.8833
nvme-ssd,SCSI,xfs,randwrite,64k,8,16,2,854.0557,13664,9.3642,99.8699
nvme-ssd,IDE,raw,randwrite,64k,64,16,2,536.2959,8580,119.2138,99.9299
nvme-ssd,IDE,xfs,randwrite,64k,64,16,2,538.4307,8614,118.7547,99.9299
nvme-ssd,SCSI,raw,randwrite,64k,64,16,2,874.9668,13999,73.0993,99.9049
nvme-ssd,SCSI,xfs,randwrite,64k,64,16,2,831.0068,13296,76.9674,99.8716
nvme-ssd,IDE,raw,randwrite,256k,1,16,2,814.9697,3259,4.9055,99.8916
nvme-ssd,IDE,xfs,randwrite,256k,1,16,2,769.9229,3079,5.1927,99.8899
nvme-ssd,SCSI,raw,randwrite,256k,1,16,2,855.6973,3422,4.6720,99.9116
nvme-ssd,SCSI,xfs,randwrite,256k,1,16,2,909.9873,3639,4.3931,99.9099
nvme-ssd,IDE,raw,randwrite,256k,8,16,2,750.9736,3003,42.5959,99.9383
nvme-ssd,IDE,xfs,randwrite,256k,8,16,2,746.1807,2984,42.8684,99.9132
nvme-ssd,SCSI,raw,randwrite,256k,8,16,2,917.6152,3670,34.8625,99.9533
nvme-ssd,SCSI,xfs,randwrite,256k,8,16,2,920.3213,3681,34.7598,99.8949
nvme-ssd,IDE,raw,randwrite,256k,64,16,2,739.2764,2957,345.3941,99.8599
nvme-ssd,IDE,xfs,randwrite,256k,64,16,2,767.8779,3071,332.4567,99.8416
nvme-ssd,SCSI,raw,randwrite,256k,64,16,2,901.3896,3605,283.4798,99.9616
nvme-ssd,SCSI,xfs,randwrite,256k,64,16,2,811.3975,3245,314.8369,99.9199
nvme-ssd,IDE,raw,rw,4k,1,16,2,27.1680,6954,4.5957,99.9133
nvme-ssd,IDE,xfs,rw,4k,1,16,2,27.8389,7126,4.4851,99.8966
nvme-ssd,SCSI,raw,rw,4k,1,16,2,371.8428,95191,0.3332,99.9066
nvme-ssd,SCSI,xfs,rw,4k,1,16,2,321.3584,82267,0.3858,99.8899
nvme-ssd,IDE,raw,rw,4k,8,16,2,94.4648,24182,10.5856,99.9266
nvme-ssd,IDE,xfs,rw,4k,8,16,2,92.8877,23779,10.7652,99.8816
nvme-ssd,SCSI,raw,rw,4k,8,16,2,455.5391,116617,2.1935,100.0000
nvme-ssd,SCSI,xfs,rw,4k,8,16,2,289.5322,74119,3.4508,99.8966
nvme-ssd,IDE,raw,rw,4k,64,16,2,264.2998,67660,30.2550,99.9216
nvme-ssd,IDE,xfs,rw,4k,64,16,2,268.5439,68746,29.7766,99.8916
nvme-ssd,SCSI,raw,rw,4k,64,16,2,454.4111,116329,17.5996,100.0000
nvme-ssd,SCSI,xfs,rw,4k,64,16,2,283.6641,72617,28.1936,99.9016
nvme-ssd,IDE,raw,rw,16k,1,16,2,86.9238,5562,5.7457,99.8983
nvme-ssd,IDE,xfs,rw,16k,1,16,2,88.2227,5646,5.6610,99.8799
nvme-ssd,SCSI,raw,rw,16k,1,16,2,803.0742,51396,0.6196,99.9083
nvme-ssd,SCSI,xfs,rw,16k,1,16,2,793.1836,50763,0.6272,99.8850
nvme-ssd,IDE,raw,rw,16k,8,16,2,231.2432,14798,17.2926,99.9133
nvme-ssd,IDE,xfs,rw,16k,8,16,2,236.7686,15152,16.8889,99.8916
nvme-ssd,SCSI,raw,rw,16k,8,16,2,1281.6436,82024,3.1193,99.9399
nvme-ssd,SCSI,xfs,rw,16k,8,16,2,1043.3965,66776,3.8311,99.8866
nvme-ssd,IDE,raw,rw,16k,64,16,2,299.9395,19196,106.6778,99.9216
nvme-ssd,IDE,xfs,rw,16k,64,16,2,291.4023,18649,109.8125,99.8766
nvme-ssd,SCSI,raw,rw,16k,64,16,2,1187.1240,75975,26.9509,99.9900
nvme-ssd,SCSI,xfs,rw,16k,64,16,2,1032.5156,66080,30.9783,99.8866
nvme-ssd,IDE,raw,rw,64k,1,16,2,221.9658,3550,9.0019,99.9316
nvme-ssd,IDE,xfs,rw,64k,1,16,2,224.6182,3593,8.8944,99.8749
nvme-ssd,SCSI,raw,rw,64k,1,16,2,1110.9961,17775,1.7965,99.8833
nvme-ssd,SCSI,xfs,rw,64k,1,16,2,1174.1621,18785,1.6995,99.8616
nvme-ssd,IDE,raw,rw,64k,8,16,2,291.8340,4668,54.7356,99.9316
nvme-ssd,IDE,xfs,rw,64k,8,16,2,304.6670,4873,52.4271,99.8749
nvme-ssd,SCSI,raw,rw,64k,8,16,2,1317.0088,21071,12.1442,99.8916
nvme-ssd,SCSI,xfs,rw,64k,8,16,2,1267.6338,20281,12.6176,99.8699
nvme-ssd,IDE,raw,rw,64k,64,16,2,391.3789,6261,326.5111,99.9049
nvme-ssd,IDE,xfs,rw,64k,64,16,2,386.9668,6191,330.3573,99.8749
nvme-ssd,SCSI,raw,rw,64k,64,16,2,1245.8340,19932,102.6890,99.9166
nvme-ssd,SCSI,xfs,rw,64k,64,16,2,1315.6494,21050,97.2370,99.9082
nvme-ssd,IDE,raw,rw,256k,1,16,2,369.4922,1477,21.6099,99.8833
nvme-ssd,IDE,xfs,rw,256k,1,16,2,377.6025,1510,21.1545,99.8766
nvme-ssd,SCSI,raw,rw,256k,1,16,2,1286.4004,5145,6.2176,99.8816
nvme-ssd,SCSI,xfs,rw,256k,1,16,2,1236.3799,4944,6.4687,99.8783
nvme-ssd,IDE,raw,rw,256k,8,16,2,345.1973,1380,184.8409,99.9199
nvme-ssd,IDE,xfs,rw,256k,8,16,2,421.7559,1686,151.2878,99.9032
nvme-ssd,SCSI,raw,rw,256k,8,16,2,1323.6162,5293,48.3432,99.9516
nvme-ssd,SCSI,xfs,rw,256k,8,16,2,1291.6396,5166,49.5363,99.8999
nvme-ssd,IDE,raw,rw,256k,64,16,2,371.6504,1485,1369.4948,99.8933
nvme-ssd,IDE,xfs,rw,256k,64,16,2,462.1240,1847,1101.8796,99.8449
nvme-ssd,SCSI,raw,rw,256k,64,16,2,1225.9482,4903,417.0182,99.9783
nvme-ssd,SCSI,xfs,rw,256k,64,16,2,1325.4170,5300,385.6606,99.9266
nvme-ssd,IDE,raw,randrw,4k,1,16,2,31.6436,8100,3.9454,99.9183
nvme-ssd,IDE,xfs,randrw,4k,1,16,2,31.5332,8071,3.9592,99.9016
nvme-ssd,SCSI,raw,randrw,4k,1,16,2,310.3916,79459,0.3991,99.9200
nvme-ssd,SCSI,xfs,randrw,4k,1,16,2,296.3457,75864,0.4180,99.8866
nvme-ssd,IDE,raw,randrw,4k,8,16,2,31.8809,8161,31.3457,99.8999
nvme-ssd,IDE,xfs,randrw,4k,8,16,2,31.7588,8129,31.4688,99.8766
nvme-ssd,SCSI,raw,randrw,4k,8,16,2,456.8994,116966,2.1866,100.0000
nvme-ssd,SCSI,xfs,randrw,4k,8,16,2,285.9854,73211,3.4927,99.8883
nvme-ssd,IDE,raw,randrw,4k,64,16,2,33.2188,8504,240.5790,99.8916
nvme-ssd,IDE,xfs,randrw,4k,64,16,2,33.2090,8501,240.6719,99.8916
nvme-ssd,SCSI,raw,randrw,4k,64,16,2,451.7979,115660,17.7025,100.0000
nvme-ssd,SCSI,xfs,randrw,4k,64,16,2,282.5010,72319,28.3101,99.8883
nvme-ssd,IDE,raw,randrw,16k,1,16,2,84.7100,5420,5.8961,99.8966
nvme-ssd,IDE,xfs,randrw,16k,1,16,2,89.4561,5724,5.5830,99.8683
nvme-ssd,SCSI,raw,randrw,16k,1,16,2,711.4053,45529,0.6994,99.8916
nvme-ssd,SCSI,xfs,randrw,16k,1,16,2,701.1162,44870,0.7093,99.8849
nvme-ssd,IDE,raw,randrw,16k,8,16,2,93.5537,5987,42.6838,99.8933
nvme-ssd,IDE,xfs,randrw,16k,8,16,2,91.8477,5877,43.4715,99.8716
nvme-ssd,SCSI,raw,randrw,16k,8,16,2,1209.4268,77402,3.3048,99.9199
nvme-ssd,SCSI,xfs,randrw,16k,8,16,2,1044.1348,66823,3.8274,99.8866
nvme-ssd,IDE,raw,randrw,16k,64,16,2,96.5977,6181,330.7836,99.9049
nvme-ssd,IDE,xfs,randrw,16k,64,16,2,96.7100,6189,330.4352,99.8699
nvme-ssd,SCSI,raw,randrw,16k,64,16,2,1162.0508,74370,27.5310,100.0000
nvme-ssd,SCSI,xfs,randrw,16k,64,16,2,1023.3359,65492,31.2622,99.8983
nvme-ssd,IDE,raw,randrw,64k,1,16,2,225.8105,3612,8.8486,99.9166
nvme-ssd,IDE,xfs,randrw,64k,1,16,2,223.9473,3582,8.9221,99.8733
nvme-ssd,SCSI,raw,randrw,64k,1,16,2,1156.5605,18504,1.7249,99.8816
nvme-ssd,SCSI,xfs,randrw,64k,1,16,2,1197.7168,19163,1.6655,99.8749
nvme-ssd,IDE,raw,randrw,64k,8,16,2,226.8574,3629,70.3677,99.9033
nvme-ssd,IDE,xfs,randrw,64k,8,16,2,227.8594,3644,70.0453,99.8799
nvme-ssd,SCSI,raw,randrw,64k,8,16,2,1317.7959,21084,12.1364,99.8783
nvme-ssd,SCSI,xfs,randrw,64k,8,16,2,1290.7588,20652,12.3909,99.8749
nvme-ssd,IDE,raw,randrw,64k,64,16,2,237.3730,3797,537.9040,99.9399
nvme-ssd,IDE,xfs,randrw,64k,64,16,2,237.2500,3795,538.2765,99.8633
nvme-ssd,SCSI,raw,randrw,64k,64,16,2,1302.5107,20839,98.2334,99.9216
nvme-ssd,SCSI,xfs,randrw,64k,64,16,2,1239.5498,19832,103.2116,99.8966
nvme-ssd,IDE,raw,randrw,256k,1,16,2,373.6182,1493,21.3730,99.8916
nvme-ssd,IDE,xfs,randrw,256k,1,16,2,381.6816,1525,20.9229,99.8749
nvme-ssd,SCSI,raw,randrw,256k,1,16,2,1290.6670,5162,6.1964,99.8983
nvme-ssd,SCSI,xfs,randrw,256k,1,16,2,1317.5371,5270,6.0696,99.8733
nvme-ssd,IDE,raw,randrw,256k,8,16,2,350.0615,1399,182.2898,99.9316
nvme-ssd,IDE,xfs,randrw,256k,8,16,2,368.0869,1471,173.3456,99.8882
nvme-ssd,SCSI,raw,randrw,256k,8,16,2,1337.3438,5348,47.8444,99.9416
nvme-ssd,SCSI,xfs,randrw,256k,8,16,2,1278.7471,5114,50.0355,99.9049
nvme-ssd,IDE,raw,randrw,256k,64,16,2,374.0625,1495,1361.3395,99.8683
nvme-ssd,IDE,xfs,randrw,256k,64,16,2,389.1084,1556,1308.3630,99.8416
nvme-ssd,SCSI,raw,randrw,256k,64,16,2,1240.9316,4963,411.9809,99.9733
nvme-ssd,SCSI,xfs,randrw,256k,64,16,2,1311.3740,5245,389.7124,99.9149
nvme-ssd,IDE,raw,read,4k,1,16,3,57.4775,14714,1.0861,99.9016
nvme-ssd,IDE,xfs,read,4k,1,16,3,61.2314,15675,1.0194,99.8899
nvme-ssd,SCSI,raw,read,4k,1,16,3,395.1328,101154,0.1567,99.9233
nvme-ssd,SCSI,xfs,read,4k,1,16,3,391.6133,100253,0.1581,99.9166
nvme-ssd,IDE,raw,read,4k,8,16,3,198.3340,50773,2.5204,100.0000
nvme-ssd,IDE,xfs,read,4k,8,16,3,194.8271,49875,2.5657,99.9166
nvme-ssd,SCSI,raw,read,4k,8,16,3,464.9688,119032,1.0743,100.0000
nvme-ssd,SCSI,xfs,read,4k,8,16,3,475.3643,121693,1.0503,100.0000
nvme-ssd,IDE,raw,read,4k,64,16,3,283.9434,72689,14.0859,99.9566
nvme-ssd,IDE,xfs,read,4k,64,16,3,305.4990,78207,13.0917,99.9033
nvme-ssd,SCSI,raw,read,4k,64,16,3,474.0820,121365,8.4353,100.0000
nvme-ssd,SCSI,xfs,read,4k,64,16,3,470.0957,120344,8.4964,100.0000
nvme-ssd,IDE,raw,read,16k,1,16,3,105.1035,6726,2.3771,99.8833
nvme-ssd,IDE,xfs,read,16k,1,16,3,157.3447,10070,1.5876,99.8766
nvme-ssd,SCSI,raw,read,16k,1,16,3,1046.7344,66991,0.2373,99.8999
nvme-ssd,SCSI,xfs,read,16k,1,16,3,1040.5742,66596,0.2387,99.8949
nvme-ssd,IDE,raw,read,16k,8,16,3,294.3320,18837,6.7940,99.8716
nvme-ssd,IDE,xfs,read,16k,8,16,3,315.7148,20205,6.3338,99.8949
nvme-ssd,SCSI,raw,read,16k,8,16,3,1675.6514,107241,1.1927,100.0000
nvme-ssd,SCSI,xfs,read,16k,8,16,3,1666.7334,106670,1.1990,100.0000
nvme-ssd,IDE,raw,read,16k,64,16,3,294.9795,18878,54.2331,99.8983
nvme-ssd,IDE,xfs,read,16k,64,16,3,315.1553,20169,50.7610,99.8816
nvme-ssd,SCSI,raw,read,16k,64,16,3,1667.2500,106704,9.5939,100.0000
nvme-ssd,SCSI,xfs,read,16k,64,16,3,1685.9316,107899,9.4771,100.0000
nvme-ssd,IDE,raw,read,64k,1,16,3,302.9014,4846,3.3000,99.8766
nvme-ssd,IDE,xfs,read,64k,1,16,3,299.5195,4792,3.3372,99.8716
nvme-ssd,SCSI,raw,read,64k,1,16,3,1649.5938,26393,0.6046,99.8749
nvme-ssd,SCSI,xfs,read,64k,1,16,3,1642.0166,26272,0.6074,99.8816
nvme-ssd,IDE,raw,read,64k,8,16,3,299.2861,4788,26.7262,99.8699
nvme-ssd,IDE,xfs,read,64k,8,16,3,315.2119,5043,25.3749,99.8749
nvme-ssd,SCSI,raw,read,64k,8,16,3,2007.9141,32126,3.9827,99.8849
nvme-ssd,SCSI,xfs,read,64k,8,16,3,2003.5293,32056,3.9913,99.8733
nvme-ssd,IDE,raw,read,64k,64,16,3,296.9072,4750,215.2340,99.8683
nvme-ssd,IDE,xfs,read,64k,64,16,3,315.8096,5052,202.3598,99.8633
nvme-ssd,SCSI,raw,read,64k,64,16,3,2023.4902,32375,31.6170,99.9399
nvme-ssd,SCSI,xfs,read,64k,64,16,3,2022.8867,32366,31.6250,99.9366
nvme-ssd,IDE,raw,read,256k,1,16,3,298.6162,1194,13.3924,99.8733
nvme-ssd,IDE,xfs,read,256k,1,16,3,319.0322,1276,12.5347,99.8733
nvme-ssd,SCSI,raw,read,256k,1,16,3,2000.6123,8002,1.9976,99.9099
nvme-ssd,SCSI,xfs,read,256k,1,16,3,1989.7461,7958,2.0084,99.8833
nvme-ssd,IDE,raw,read,256k,8,16,3,293.4766,1173,108.9795,99.8616
nvme-ssd,IDE,xfs,read,256k,8,16,3,322.5488,1290,99.1469,99.8766
nvme-ssd,SCSI,raw,read,256k,8,16,3,1994.1797,7976,16.0433,99.9533
nvme-ssd,SCSI,xfs,read,256k,8,16,3,1964.6445,7858,16.2829,99.9116
nvme-ssd,IDE,raw,read,256k,64,16,3,293.1279,1172,867.7203,99.8666
nvme-ssd,IDE,xfs,read,256k,64,16,3,340.6211,1362,747.2205,99.8633
nvme-ssd,SCSI,raw,read,256k,64,16,3,2011.2861,8045,127.1396,99.9933
nvme-ssd,SCSI,xfs,read,256k,64,16,3,2012.5791,8050,127.0232,99.9566
nvme-ssd,IDE,raw,write,4k,1,16,3,83.7051,21428,0.7454,99.9133
nvme-ssd,IDE,xfs,write,4k,1,16,3,71.0225,18181,0.8785,99.9049
nvme-ssd,SCSI,raw,write,4k,1,16,3,382.8438,98008,0.1618,99.9450
nvme-ssd,SCSI,xfs,write,4k,1,16,3,246.6064,63131,0.2519,78.8930
nvme-ssd,IDE,raw,write,4k,8,16,3,353.8271,90579,1.4125,100.0000
nvme-ssd,IDE,xfs,write,4k,8,16,3,294.0703,75282,1.6996,99.8866
nvme-ssd,SCSI,raw,write,4k,8,16,3,428.0400,109578,1.1668,100.0000
nvme-ssd,SCSI,xfs,write,4k,8,16,3,221.0957,56600,2.2597,74.4568
nvme-ssd,IDE,raw,write,4k,64,16,3,527.8008,135117,7.5779,100.0000
nvme-ssd,IDE,xfs,write,4k,64,16,3,228.5000,58496,17.4989,99.8866
nvme-ssd,SCSI,raw,write,4k,64,16,3,434.0205,111109,9.2136,100.0000
nvme-ssd,SCSI,xfs,write,4k,64,16,3,216.6328,55458,18.4566,70.2115
nvme-ssd,IDE,raw,write,16k,1,16,3,259.4951,16607,0.9619,99.9249
nvme-ssd,IDE,xfs,write,16k,1,16,3,233.6250,14952,1.0685,99.8899
nvme-ssd,SCSI,raw,write,16k,1,16,3,916.5488,58659,0.2712,99.9083
nvme-ssd,SCSI,xfs,write,16k,1,16,3,838.1875,53644,0.2966,95.6541
nvme-ssd,IDE,raw,write,16k,8,16,3,533.0371,34114,3.7514,99.9016
nvme-ssd,IDE,xfs,write,16k,8,16,3,650.3809,41624,3.0743,99.9166
nvme-ssd,SCSI,raw,write,16k,8,16,3,842.7080,53933,2.3722,99.9099
nvme-ssd,SCSI,xfs,write,16k,8,16,3,823.6963,52716,2.4262,86.1893
nvme-ssd,IDE,raw,write,16k,64,16,3,569.1172,36423,28.1118,99.9950
nvme-ssd,IDE,xfs,write,16k,64,16,3,553.6807,35435,28.8919,99.8966
nvme-ssd,SCSI,raw,write,16k,64,16,3,865.0645,55364,18.4914,99.9883
nvme-ssd,SCSI,xfs,write,16k,64,16,3,807.3711,51671,19.8083,82.0347
nvme-ssd,IDE,raw,write,64k,1,16,3,607.1914,9715,1.6455,99.9149
nvme-ssd,IDE,xfs,write,64k,1,16,3,569.8203,9117,1.7534,99.9082
nvme-ssd,SCSI,raw,write,64k,1,16,3,883.4502,14135,1.1302,99.8849
nvme-ssd,SCSI,xfs,write,64k,1,16,3,907.2334,14515,1.1004,99.8733
nvme-ssd,IDE,raw,write,64k,8,16,3,545.4180,8726,14.6656,99.9199
nvme-ssd,IDE,xfs,write,64k,8,16,3,692.1787,11074,11.5556,99.8899
nvme-ssd,SCSI,raw,write,64k,8,16,3,917.9600,14687,8.7127,99.8849
nvme-ssd,SCSI,xfs,write,64k,8,16,3,832.4258,13318,9.6078,99.8699
nvme-ssd,IDE,raw,write,64k,64,16,3,642.6084,10281,99.5242,99.9133
nvme-ssd,IDE,xfs,write,64k,64,16,3,706.6299,11306,90.5064,99.8566
nvme-ssd,SCSI,raw,write,64k,64,16,3,851.0234,13616,75.1559,99.9083
nvme-ssd,SCSI,xfs,write,64k,64,16,3,916.6904,14667,69.7736,99.8899
nvme-ssd,IDE,raw,write,256k,1,16,3,539.6250,2158,7.4102,99.8816
nvme-ssd,IDE,xfs,write,256k,1,16,3,703.5527,2814,5.6833,99.8699
nvme-ssd,SCSI,raw,write,256k,1,16,3,851.6924,3406,4.6945,99.9116
nvme-ssd,SCSI,xfs,write,256k,1,16,3,887.1445,3548,4.5066,99.8933
nvme-ssd,IDE,raw,write,256k,8,16,3,696.2061,2784,45.9472,99.9083
nvme-ssd,IDE,xfs,write,256k,8,16,3,719.4766,2877,44.4597,99.8982
nvme-ssd,SCSI,raw,write,256k,8,16,3,896.6543,3586,35.6779,99.9349
nvme-ssd,SCSI,xfs,write,256k,8,16,3,890.2881,3561,35.9301,99.9049
nvme-ssd,IDE,raw,write,256k,64,16,3,681.4951,2725,374.4534,99.8949
nvme-ssd,IDE,xfs,write,256k,64,16,3,710.8730,2843,359.0067,99.8416
nvme-ssd,SCSI,raw,write,256k,64,16,3,948.4736,3793,269.3656,99.9950
nvme-ssd,SCSI,xfs,write,256k,64,16,3,847.8691,3391,300.9927,99.9199
nvme-ssd,IDE,raw,randread,4k,1,16,3,25.9004,6630,2.4109,99.8749
nvme-ssd,IDE,xfs,randread,4k,1,16,3,25.6582,6568,2.4336,99.8716
nvme-ssd,SCSI,raw,randread,4k,1,16,3,378.8887,96995,0.1632,99.8949
nvme-ssd,SCSI,xfs,randread,4k,1,16,3,376.6943,96433,0.1641,99.8899
nvme-ssd,IDE,raw,randread,4k,8,16,3,25.7432,6590,19.4188,99.8699
nvme-ssd,IDE,xfs,randread,4k,8,16,3,25.7871,6601,19.3854,99.8816
nvme-ssd,SCSI,raw,randread,4k,8,16,3,463.5781,118676,1.0773,100.0000
nvme-ssd,SCSI,xfs,randread,4k,8,16,3,461.8594,118236,1.0803,100.0000
nvme-ssd,IDE,raw,randread,4k,64,16,3,26.7686,6852,149.2580,99.8599
nvme-ssd,IDE,xfs,randread,4k,64,16,3,26.6748,6828,149.7635,99.8583
nvme-ssd,SCSI,raw,randread,4k,64,16,3,463.3115,118607,8.6301,100.0000
nvme-ssd,SCSI,xfs,randread,4k,64,16,3,462.1533,118311,8.6427,100.0000
nvme-ssd,IDE,raw,randread,16k,1,16,3,75.3154,4820,3.3172,99.8799
nvme-ssd,IDE,xfs,randread,16k,1,16,3,75.0869,4805,3.3271,99.8699
nvme-ssd,SCSI,raw,randread,16k,1,16,3,1029.1699,65866,0.2411,99.8949
nvme-ssd,SCSI,xfs,randread,16k,1,16,3,1025.8936,65657,0.2418,99.9033
nvme-ssd,IDE,raw,randread,16k,8,16,3,75.7471,4847,26.3987,99.8716
nvme-ssd,IDE,xfs,randread,16k,8,16,3,75.7051,4845,26.4131,99.8683
nvme-ssd,SCSI,raw,randread,16k,8,16,3,1682.8184,107700,1.1873,100.0000
nvme-ssd,SCSI,xfs,randread,16k,8,16,3,1685.0508,107843,1.1856,100.0000
nvme-ssd,IDE,raw,randread,16k,64,16,3,78.0459,4994,204.6784,99.8649
nvme-ssd,IDE,xfs,randread,16k,64,16,3,78.0303,4993,204.6918,99.8749
nvme-ssd,SCSI,raw,randread,16k,64,16,3,1674.8623,107191,9.5500,100.0000
nvme-ssd,SCSI,xfs,randread,16k,64,16,3,1618.0762,103556,9.8744,100.0000
nvme-ssd,IDE,raw,randread,64k,1,16,3,174.0908,2785,5.7417,99.8699
nvme-ssd,IDE,xfs,randread,64k,1,16,3,174.2432,2787,5.7365,99.8666
nvme-ssd,SCSI,raw,randread,64k,1,16,3,1608.8145,25741,0.6196,99.8816
nvme-ssd,SCSI,xfs,randread,64k,1,16,3,1593.2959,25492,0.6256,99.8766
nvme-ssd,IDE,raw,randread,64k,8,16,3,181.9004,2910,43.9714,99.8666
nvme-ssd,IDE,xfs,randread,64k,8,16,3,183.3340,2933,43.6264,99.8633
nvme-ssd,SCSI,raw,randread,64k,8,16,3,1989.7197,31835,4.0187,99.8949
nvme-ssd,SCSI,xfs,randread,64k,8,16,3,1953.9102,31262,4.0923,99.8733
nvme-ssd,IDE,raw,randread,64k,64,16,3,185.3574,2965,344.3393,99.8933
nvme-ssd,IDE,xfs,randread,64k,64,16,3,184.4551,2951,345.9586,99.8733
nvme-ssd,SCSI,raw,randread,64k,64,16,3,1996.8281,31949,32.0431,99.9316
nvme-ssd,SCSI,xfs,randread,64k,64,16,3,1957.3682,31317,32.6836,99.9299
nvme-ssd,IDE,raw,randread,256k,1,16,3,289.9150,1159,13.7933,99.8866
nvme-ssd,IDE,xfs,randread,256k,1,16,3,313.2158,1252,12.7670,99.8899
nvme-ssd,SCSI,raw,randread,256k,1,16,3,2006.5781,8026,1.9913,99.8783
nvme-ssd,SCSI,xfs,randread,256k,1,16,3,1950.5352,7802,2.0485,99.8933
nvme-ssd,IDE,raw,randread,256k,8,16,3,295.7559,1183,108.1284,99.8716
nvme-ssd,IDE,xfs,randread,256k,8,16,3,317.3418,1269,100.7740,99.8699
nvme-ssd,SCSI,raw,randread,256k,8,16,3,2021.8311,8087,15.8228,99.9650
nvme-ssd,SCSI,xfs,randread,256k,8,16,3,1967.5244,7870,16.2586,99.9199
nvme-ssd,IDE,raw,randread,256k,64,16,3,293.5498,1174,866.4152,99.8683
nvme-ssd,IDE,xfs,randread,256k,64,16,3,317.4346,1269,801.1957,99.8599
nvme-ssd,SCSI,raw,randread,256k,64,16,3,2001.5400,8006,127.7681,99.9783
nvme-ssd,SCSI,xfs,randread,256k,64,16,3,1966.6758,7866,129.9701,99.9616
nvme-ssd,IDE,raw,randwrite,4k,1,16,3,47.9268,12269,1.3019,99.8983
nvme-ssd,IDE,xfs,randwrite,4k,1,16,3,47.6787,12205,1.3087,99.8949
nvme-ssd,SCSI,raw,randwrite,4k,1,16,3,380.7227,97465,0.1624,99.9533
nvme-ssd,SCSI,xfs,randwrite,4k,1,16,3,244.5049,62593,0.2537,79.3327
nvme-ssd,IDE,raw,randwrite,4k,8,16,3,47.7285,12218,10.4731,99.9116
nvme-ssd,IDE,xfs,randwrite,4k,8,16,3,48.5391,12426,10.2980,99.8816
nvme-ssd,SCSI,raw,randwrite,4k,8,16,3,436.7217,111800,1.1433,100.0000
nvme-ssd,SCSI,xfs,randwrite,4k,8,16,3,214.4160,54890,2.3296,68.5181
nvme-ssd,IDE,raw,randwrite,4k,64,16,3,51.0781,13076,78.2594,99.9033
nvme-ssd,IDE,xfs,randwrite,4k,64,16,3,51.5654,13200,77.5254,99.8733
nvme-ssd,SCSI,raw,randwrite,4k,64,16,3,428.5625,109712,9.3306,100.0000
nvme-ssd,SCSI,xfs,randwrite,4k,64,16,3,214.2725,54853,18.6624,68.3744
nvme-ssd,IDE,raw,randwrite,16k,1,16,3,171.8965,11001,1.4522,99.9450
nvme-ssd,IDE,xfs,randwrite,16k,1,16,3,168.7266,10798,1.4794,99.8849
nvme-ssd,SCSI,raw,randwrite,16k,1,16,3,866.1631,55434,0.2867,99.9133
nvme-ssd,SCSI,xfs,randwrite,16k,1,16,3,805.1016,51526,0.3086,93.4252
nvme-ssd,IDE,raw,randwrite,16k,8,16,3,181.9668,11645,10.9883,99.9083
nvme-ssd,IDE,xfs,randwrite,16k,8,16,3,172.2256,11022,11.6098,99.9199
nvme-ssd,SCSI,raw,randwrite,16k,8,16,3,859.4443,55004,2.3255,99.9133
nvme-ssd,SCSI,xfs,randwrite,16k,8,16,3,817.1035,52294,2.4457,83.4048
nvme-ssd,IDE,raw,randwrite,16k,64,16,3,184.7881,11826,86.5255,99.8899
nvme-ssd,IDE,xfs,randwrite,16k,64,16,3,184.2109,11789,86.7917,99.8916
nvme-ssd,SCSI,raw,randwrite,16k,64,16,3,869.6709,55658,18.3935,99.9850
nvme-ssd,SCSI,xfs,randwrite,16k,64,16,3,791.5703,50660,20.2070,77.4243
nvme-ssd,IDE,raw,randwrite,64k,1,16,3,505.8213,8093,1.9748,99.9133
nvme-ssd,IDE,xfs,randwrite,64k,1,16,3,505.0771,8081,1.9776,99.9399
nvme-ssd,SCSI,raw,randwrite,64k,1,16,3,865.1523,13842,1.1539,99.8749
nvme-ssd,SCSI,xfs,randwrite,64k,1,16,3,880.0059,14080,1.1342,99.8683
nvme-ssd,IDE,raw,randwrite,64k,8,16,3,522.6377,8362,15.3038,99.9283
nvme-ssd,IDE,xfs,randwrite,64k,8,16,3,526.5293,8424,15.1901,99.8983
nvme-ssd,SCSI,raw,randwrite,64k,8,16,3,888.3271,14213,9.0033,99.8749
nvme-ssd,SCSI,xfs,randwrite,64k,8,16,3,839.5713,13433,9.5257,99.8633
nvme-ssd,IDE,raw,randwrite,64k,64,16,3,534.3975,8550,119.6326,99.9066
nvme-ssd,IDE,xfs,randwrite,64k,64,16,3,539.1670,8626,118.5856,99.9199
nvme-ssd,SCSI,raw,randwrite,64k,64,16,3,886.4980,14183,72.1574,99.9016
nvme-ssd,SCSI,xfs,randwrite,64k,64,16,3,810.1523,12962,78.9391,99.8782
nvme-ssd,IDE,raw,randwrite,256k,1,16,3,767.6221,3070,5.2083,99.8899
nvme-ssd,IDE,xfs,randwrite,256k,1,16,3,770.3223,3081,5.1900,99.9016
nvme-ssd,SCSI,raw,randwrite,256k,1,16,3,831.5664,3326,4.8078,99.8816
nvme-ssd,SCSI,xfs,randwrite,256k,1,16,3,863.4404,3453,4.6299,99.8733
nvme-ssd,IDE,raw,randwrite,256k,8,16,3,750.4746,3001,42.6231,99.9416
nvme-ssd,IDE,xfs,randwrite,256k,8,16,3,753.2109,3012,42.4681,99.9232
nvme-ssd,SCSI,raw,randwrite,256k,8,16,3,819.2324,3276,39.0499,99.9233
nvme-ssd,SCSI,xfs,randwrite,256k,8,16,3,921.6895,3686,34.7067,99.9016
nvme-ssd,IDE,raw,randwrite,256k,64,16,3,750.5908,3002,340.1555,99.8949
nvme-ssd,IDE,xfs,randwrite,256k,64,16,3,747.0518,2988,341.7161,99.8432
nvme-ssd,SCSI,raw,randwrite,256k,64,16,3,938.4756,3753,272.1974,99.9733
nvme-ssd,SCSI,xfs,randwrite,256k,64,16,3,855.1816,3420,298.5831,99.9199
nvme-ssd,IDE,raw,rw,4k,1,16,3,28.0830,7188,4.4461,99.9266
nvme-ssd,IDE,xfs,rw,4k,1,16,3,27.1748,6956,4.5943,99.8749
nvme-ssd,SCSI,raw,rw,4k,1,16,3,369.9326,94702,0.3351,99.9116
nvme-ssd,SCSI,xfs,rw,4k,1,16,3,319.4814,81787,0.3881,99.8783
nvme-ssd,IDE,raw,rw,4k,8,16,3,91.4561,23412,10.9340,99.9083
nvme-ssd,IDE,xfs,rw,4k,8,16,3,93.4824,23931,10.6967,99.8783
nvme-ssd,SCSI,raw,rw,4k,8,16,3,456.2441,116798,2.1902,100.0000
nvme-ssd,SCSI,xfs,rw,4k,8,16,3,292.2051,74804,3.4193,99.8966
nvme-ssd,IDE,raw,rw,4k,64,16,3,273.7080,70068,29.2166,99.9283
nvme-ssd,IDE,xfs,rw,4k,64,16,3,267.6377,68514,29.8760,99.9033
nvme-ssd,SCSI,raw,rw,4k,64,16,3,447.1240,114463,17.8868,100.0000
nvme-ssd,SCSI,xfs,rw,4k,64,16,3,281.9141,72170,28.3658,99.8966
nvme-ssd,IDE,raw,rw,16k,1,16,3,87.7490,5615,5.6921,99.9066
nvme-ssd,IDE,xfs,rw,16k,1,16,3,87.9736,5629,5.6779,99.8766
nvme-ssd,SCSI,raw,rw,16k,1,16,3,813.8955,52088,0.6114,99.9083
nvme-ssd,SCSI,xfs,rw,16k,1,16,3,805.8760,51575,0.6173,99.8949
nvme-ssd,IDE,raw,rw,16k,8,16,3,228.6553,14633,17.4895,99.9033
nvme-ssd,IDE,xfs,rw,16k,8,16,3,237.4023,15193,16.8431,99.8949
nvme-ssd,SCSI,raw,rw,16k,8,16,3,1280.2324,81934,3.1227,99.9349
nvme-ssd,SCSI,xfs,rw,16k,8,16,3,1045.9297,66939,3.8217,99.8916
nvme-ssd,IDE,raw,rw,16k,64,16,3,280.9092,17977,113.9188,99.9133
nvme-ssd,IDE,xfs,rw,16k,64,16,3,286.9912,18367,111.5057,99.8716
nvme-ssd,SCSI,raw,rw,16k,64,16,3,1273.5742,81508,25.1208,100.0000
nvme-ssd,SCSI,xfs,rw,16k,64,16,3,1042.4844,66718,30.6838,99.8799
nvme-ssd,IDE,raw,rw,64k,1,16,3,222.1191,3553,8.9957,99.9216
nvme-ssd,IDE,xfs,rw,64k,1,16,3,229.7656,3675,8.6968,99.8749
nvme-ssd,SCSI,raw,rw,64k,1,16,3,1169.1143,18705,1.7070,99.8766
nvme-ssd,SCSI,xfs,rw,64k,1,16,3,1117.3691,17877,1.7860,99.8733
nvme-ssd,IDE,raw,rw,64k,8,16,3,302.5166,4840,52.7927,99.9099
nvme-ssd,IDE,xfs,rw,64k,8,16,3,285.3076,4564,55.9846,99.8849
nvme-ssd,SCSI,raw,rw,64k,8,16,3,1285.9600,20575,12.4377,99.8933
nvme-ssd,SCSI,xfs,rw,64k,8,16,3,1299.1904,20786,12.3109,99.8816
nvme-ssd,IDE,raw,rw,64k,64,16,3,389.0977,6225,328.4183,99.8899
nvme-ssd,IDE,xfs,rw,64k,64,16,3,368.3506,5892,347.0142,99.8649
nvme-ssd,SCSI,raw,rw,64k,64,16,3,1300.8906,20813,98.3453,99.9249
nvme-ssd,SCSI,xfs,rw,64k,64,16,3,1254.1465,20065,102.0049,99.8866
nvme-ssd,IDE,raw,rw,256k,1,16,3,368.4814,1473,21.6661,99.9116
nvme-ssd,IDE,xfs,rw,256k,1,16,3,391.2539,1564,20.4201,99.8883
nvme-ssd,SCSI,raw,rw,256k,1,16,3,1232.8545,4930,6.4877,99.8866
nvme-ssd,SCSI,xfs,rw,256k,1,16,3,1276.2227,5104,6.2671,99.8666
nvme-ssd,IDE,raw,rw,256k,8,16,3,338.1357,1352,188.8118,99.8999
nvme-ssd,IDE,xfs,rw,256k,8,16,3,433.3887,1733,147.1758,99.8899
nvme-ssd,SCSI,raw,rw,256k,8,16,3,1290.4453,5161,49.5856,99.9633
nvme-ssd,SCSI,xfs,rw,256k,8,16,3,1282.1582,5127,49.9018,99.8882
nvme-ssd,IDE,raw,rw,256k,64,16,3,364.8408,1458,1394.4060,99.8799
nvme-ssd,IDE,xfs,rw,256k,64,16,3,470.3486,1881,1082.7777,99.8416
nvme-ssd,SCSI,raw,rw,256k,64,16,3,1234.4346,4937,414.1997,99.9700
nvme-ssd,SCSI,xfs,rw,256k,64,16,3,1298.4941,5193,393.5703,99.9282
nvme-ssd,IDE,raw,randrw,4k,1,16,3,31.9902,8188,3.9026,99.8999
nvme-ssd,IDE,xfs,randrw,4k,1,16,3,31.5498,8076,3.9570,99.9049
nvme-ssd,SCSI,raw,randrw,4k,1,16,3,310.4814,79483,0.3991,99.9083
nvme-ssd,SCSI,xfs,randrw,4k,1,16,3,294.3750,75359,0.4208,99.8933
nvme-ssd,IDE,raw,randrw,4k,8,16,3,31.8525,8153,31.3727,99.9083
nvme-ssd,IDE,xfs,randrw,4k,8,16,3,31.7061,8116,31.5241,99.9083
nvme-ssd,SCSI,raw,randrw,4k,8,16,3,447.5605,114575,2.2321,100.0000
nvme-ssd,SCSI,xfs,randrw,4k,8,16,3,284.3955,72804,3.5123,99.8883
nvme-ssd,IDE,raw,randrw,4k,64,16,3,33.3340,8533,239.7516,99.9583
nvme-ssd,IDE,xfs,randrw,4k,64,16,3,33.1484,8486,241.1094,99.8733
nvme-ssd,SCSI,raw,randrw,4k,64,16,3,452.3916,115812,17.6791,100.0000
nvme-ssd,SCSI,xfs,randrw,4k,64,16,3,279.6260,71583,28.5968,99.8883
nvme-ssd,IDE,raw,randrw,16k,1,16,3,91.0127,5824,5.4877,99.8966
nvme-ssd,IDE,xfs,randrw,16k,1,16,3,91.8857,5880,5.4353,99.8733
nvme-ssd,SCSI,raw,randrw,16k,1,16,3,700.8340,44852,0.7099,99.8999
nvme-ssd,SCSI,xfs,randrw,16k,1,16,3,697.4541,44636,0.7131,99.8966
nvme-ssd,IDE,raw,randrw,16k,8,16,3,93.7910,6002,42.5662,99.9233
nvme-ssd,IDE,xfs,randrw,16k,8,16,3,93.5176,5984,42.6946,99.8883
nvme-ssd,SCSI,raw,randrw,16k,8,16,3,1246.1562,79753,3.2074,99.9233
nvme-ssd,SCSI,xfs,randrw,16k,8,16,3,1047.7549,67055,3.8144,99.8899
nvme-ssd,IDE,raw,randrw,16k,64,16,3,96.9189,6201,329.6872,99.9149
nvme-ssd,IDE,xfs,randrw,16k,64,16,3,96.7568,6192,330.2994,99.8749
nvme-ssd,SCSI,raw,randrw,16k,64,16,3,1226.1943,78475,26.0911,100.0000
nvme-ssd,SCSI,xfs,randrw,16k,64,16,3,1023.4678,65501,31.2571,99.8966
nvme-ssd,IDE,raw,randrw,64k,1,16,3,231.8447,3709,8.6190,99.9116
nvme-ssd,IDE,xfs,randrw,64k,1,16,3,223.9414,3582,8.9226,99.8699
nvme-ssd,SCSI,raw,randrw,64k,1,16,3,1181.6982,18906,1.6882,99.8783
nvme-ssd,SCSI,xfs,randrw,64k,1,16,3,1173.9053,18781,1.6994,99.8716
nvme-ssd,IDE,raw,randrw,64k,8,16,3,232.0283,3711,68.8061,99.9049
nvme-ssd,IDE,xfs,randrw,64k,8,16,3,231.6113,3705,68.9323,99.8749
nvme-ssd,SCSI,raw,randrw,64k,8,16,3,1230.7695,19691,12.9953,99.8849
nvme-ssd,SCSI,xfs,randrw,64k,8,16,3,1337.5557,21400,11.9570,99.8766
nvme-ssd,IDE,raw,randrw,64k,64,16,3,237.4492,3798,537.8053,99.9016
nvme-ssd,IDE,xfs,randrw,64k,64,16,3,229.8047,3676,555.7892,99.8966
nvme-ssd,SCSI,raw,randrw,64k,64,16,3,1318.0859,21089,97.0704,99.9349
nvme-ssd,SCSI,xfs,randrw,64k,64,16,3,1285.8301,20572,99.4983,99.8982
nvme-ssd,IDE,raw,randrw,256k,1,16,3,372.5967,1489,21.4297,99.9099
nvme-ssd,IDE,xfs,randrw,256k,1,16,3,381.4951,1525,20.9362,99.8849
nvme-ssd,SCSI,raw,randrw,256k,1,16,3,1284.9561,5139,6.2240,99.8966
nvme-ssd,SCSI,xfs,randrw,256k,1,16,3,1242.4121,4968,6.4362,99.8649
nvme-ssd,IDE,raw,randrw,256k,8,16,3,375.9062,1503,169.7534,99.9166
nvme-ssd,IDE,xfs,randrw,256k,8,16,3,388.5439,1554,164.3517,99.8816
nvme-ssd,SCSI,raw,randrw,256k,8,16,3,1265.6338,5062,50.5550,99.9333
nvme-ssd,SCSI,xfs,randrw,256k,8,16,3,1315.4688,5261,48.6409,99.8882
nvme-ssd,IDE,raw,randrw,256k,64,16,3,360.4355,1441,1412.2331,99.8883
nvme-ssd,IDE,xfs,randrw,256k,64,16,3,384.4023,1536,1324.9293,99.8466
nvme-ssd,SCSI,raw,randrw,256k,64,16,3,1336.1846,5344,382.6181,99.9483
nvme-ssd,SCSI,xfs,randrw,256k,64,16,3,1246.5801,4985,409.9948,99.9149
nvme-ssd,IDE,raw,read,4k,1,16,4,66.5312,17032,0.9382,99.8899
nvme-ssd,IDE,xfs,read,4k,1,16,4,81.9463,20978,0.7615,99.8833
nvme-ssd,SCSI,raw,read,4k,1,16,4,402.3682,103006,0.1538,99.9116
nvme-ssd,SCSI,xfs,read,4k,1,16,4,395.2979,101196,0.1566,99.9116
nvme-ssd,IDE,raw,read,4k,8,16,4,189.6367,48547,2.6360,100.0000
nvme-ssd,IDE,xfs,read,4k,8,16,4,192.4336,49263,2.5976,99.9466
nvme-ssd,SCSI,raw,read,4k,8,16,4,470.7354,120508,1.0612,100.0000
nvme-ssd,SCSI,xfs,read,4k,8,16,4,473.7744,121286,1.0538,100.0000
nvme-ssd,IDE,raw,read,4k,64,16,4,287.7549,73665,13.8994,99.9316
nvme-ssd,IDE,xfs,read,4k,64,16,4,312.8682,80094,12.7836,99.9116
nvme-ssd,SCSI,raw,read,4k,64,16,4,452.2598,115778,8.8418,100.0000
nvme-ssd,SCSI,xfs,read,4k,64,16,4,463.7900,118730,8.6127,100.0000
nvme-ssd,IDE,raw,read,16k,1,16,4,199.5068,12768,1.2520,99.8799
nvme-ssd,IDE,xfs,read,16k,1,16,4,174.9062,11194,1.4282,99.8799
nvme-ssd,SCSI,raw,read,16k,1,16,4,1043.4824,66782,0.2381,99.8933
nvme-ssd,SCSI,xfs,read,16k,1,16,4,1031.0117,65984,0.2409,99.9266
nvme-ssd,IDE,raw,read,16k,8,16,4,293.3906,18777,6.8159,99.8866
nvme-ssd,IDE,xfs,read,16k,8,16,4,312.6777,20011,6.3953,99.8683
nvme-ssd,SCSI,raw,read,16k,8,16,4,1660.6924,106284,1.2035,100.0000
nvme-ssd,SCSI,xfs,read,16k,8,16,4,1691.8340,108277,1.1812,100.0000
nvme-ssd,IDE,raw,read,16k,64,16,4,297.7295,19054,53.7353,99.9249
nvme-ssd,IDE,xfs,read,16k,64,16,4,299.0225,19137,53.5012,99.8849
nvme-ssd,SCSI,raw,read,16k,64,16,4,1666.4746,106654,9.5984,100.0000
nvme-ssd,SCSI,xfs,read,16k,64,16,4,1686.7500,107952,9.4732,100.0000
nvme-ssd,IDE,raw,read,64k,1,16,4,301.9736,4831,3.3101,99.8716
nvme-ssd,IDE,xfs,read,64k,1,16,4,301.8350,4829,3.3116,99.8716
nvme-ssd,SCSI,raw,read,64k,1,16,4,1652.8936,26446,0.6033,99.8766
nvme-ssd,SCSI,xfs,read,64k,1,16,4,1650.6582,26410,0.6041,99.8799
nvme-ssd,IDE,raw,read,64k,8,16,4,301.2188,4819,26.5545,99.8749
nvme-ssd,IDE,xfs,read,64k,8,16,4,316.5430,5064,25.2685,99.8849
nvme-ssd,SCSI,raw,read,64k,8,16,4,1996.4961,31943,4.0054,99.8933
nvme-ssd,SCSI,xfs,read,64k,8,16,4,2015.0898,32241,3.9683,99.8849
nvme-ssd,IDE,raw,read,64k,64,16,4,303.6338,4858,210.4876,99.8633
nvme-ssd,IDE,xfs,read,64k,64,16,4,313.3701,5013,203.9572,99.9249
nvme-ssd,SCSI,raw,read,64k,64,16,4,2010.9219,32174,31.8161,99.9283
nvme-ssd,SCSI,xfs,read,64k,64,16,4,2034.1113,32545,31.4521,99.9316
nvme-ssd,IDE,raw,read,256k,1,16,4,295.4980,1181,13.5338,99.8783
nvme-ssd,IDE,xfs,read,256k,1,16,4,318.2637,1273,12.5654,99.8766
nvme-ssd,SCSI,raw,read,256k,1,16,4,1993.3916,7973,2.0048,99.8866
nvme-ssd,SCSI,xfs,read,256k,1,16,4,2005.5156,8022,1.9926,99.9116
nvme-ssd,IDE,raw,read,256k,8,16,4,295.1699,1180,108.3457,99.8649
nvme-ssd,IDE,xfs,read,256k,8,16,4,351.2158,1404,91.0643,99.8699
nvme-ssd,SCSI,raw,read,256k,8,16,4,1970.5654,7882,16.2353,99.9283
nvme-ssd,SCSI,xfs,read,256k,8,16,4,1978.0967,7912,16.1719,99.9183
nvme-ssd,IDE,raw,read,256k,64,16,4,292.8789,1171,868.3437,99.8699
nvme-ssd,IDE,xfs,read,256k,64,16,4,336.8818,1347,755.6214,99.8683
nvme-ssd,SCSI,raw,read,256k,64,16,4,2008.2412,8032,127.3415,99.9850
nvme-ssd,SCSI,xfs,read,256k,64,16,4,2005.0400,8020,127.4969,99.9700
nvme-ssd,IDE,raw,write,4k,1,16,4,73.2002,18739,0.8524,99.9166
nvme-ssd,IDE,xfs,write,4k,1,16,4,75.3428,19287,0.8280,99.9283
nvme-ssd,SCSI,raw,write,4k,1,16,4,386.1611,98857,0.1604,99.9166
nvme-ssd,SCSI,xfs,write,4k,1,16,4,249.4404,63856,0.2490,78.8627
nvme-ssd,IDE,raw,write,4k,8,16,4,364.4170,93290,1.3715,100.0000
nvme-ssd,IDE,xfs,write,4k,8,16,4,289.2129,74038,1.7282,99.8999
nvme-ssd,SCSI,raw,write,4k,8,16,4,441.8623,113116,1.1304,100.0000
nvme-ssd,SCSI,xfs,write,4k,8,16,4,223.0361,57097,2.2401,78.7042
nvme-ssd,IDE,raw,write,4k,64,16,4,537.8223,137682,7.4367,99.9783
nvme-ssd,IDE,xfs,write,4k,64,16,4,227.7305,58299,17.5611,99.9199
nvme-ssd,SCSI,raw,write,4k,64,16,4,428.9297,109806,9.3228,100.0000
nvme-ssd,SCSI,xfs,write,4k,64,16,4,214.8564,55003,18.6096,69.4931
nvme-ssd,IDE,raw,write,16k,1,16,4,364.1934,23308,0.6852,99.9216
nvme-ssd,IDE,xfs,write,16k,1,16,4,427.1172,27335,0.5840,99.9216
nvme-ssd,SCSI,raw,write,16k,1,16,4,927.0117,59328,0.2681,99.8966
nvme-ssd,SCSI,xfs,write,16k,1,16,4,854.7539,54704,0.2908,93.9637
nvme-ssd,IDE,raw,write,16k,8,16,4,526.1172,33671,3.8008,99.9216
nvme-ssd,IDE,xfs,write,16k,8,16,4,676.3867,43288,2.9561,99.8966
nvme-ssd,SCSI,raw,write,16k,8,16,4,878.2842,56210,2.2761,99.9049
nvme-ssd,SCSI,xfs,write,16k,8,16,4,810.6357,51880,2.4654,94.9622
nvme-ssd,IDE,raw,write,16k,64,16,4,563.0615,36035,28.4143,99.9500
nvme-ssd,IDE,xfs,write,16k,64,16,4,576.9629,36925,27.7259,99.9016
nvme-ssd,SCSI,raw,write,16k,64,16,4,823.0283,52673,19.4361,99.9683
nvme-ssd,SCSI,xfs,write,16k,64,16,4,802.3193,51348,19.9324,85.4777
nvme-ssd,IDE,raw,write,64k,1,16,4,576.7051,9227,1.7325,99.9216
nvme-ssd,IDE,xfs,write,64k,1,16,4,568.3643,9093,1.7579,99.9049
nvme-ssd,SCSI,raw,write,64k,1,16,4,855.3672,13685,1.1674,99.8666
nvme-ssd,SCSI,xfs,write,64k,1,16,4,931.0840,14897,1.0722,99.8749
nvme-ssd,IDE,raw,write,64k,8,16,4,536.6660,8586,14.9048,99.9116
nvme-ssd,IDE,xfs,write,64k,8,16,4,650.0605,10400,12.3044,99.8799
nvme-ssd,SCSI,raw,write,64k,8,16,4,887.0557,14192,9.0165,99.8949
nvme-ssd,SCSI,xfs,write,64k,8,16,4,887.0400,14192,9.0157,99.8666
nvme-ssd,IDE,raw,write,64k,64,16,4,611.4014,9782,104.5911,99.9133
nvme-ssd,IDE,xfs,write,64k,64,16,4,693.8955,11102,92.1552,99.8732
nvme-ssd,SCSI,raw,write,64k,64,16,4,920.2607,14724,69.5053,99.9083
nvme-ssd,SCSI,xfs,write,64k,64,16,4,811.0020,12976,78.8702,99.8816
nvme-ssd,IDE,raw,write,256k,1,16,4,565.4766,2261,7.0715,99.8866
nvme-ssd,IDE,xfs,write,256k,1,16,4,698.1689,2792,5.7271,99.8982
nvme-ssd,SCSI,raw,write,256k,1,16,4,903.2090,3612,4.4265,99.9116
nvme-ssd,SCSI,xfs,write,256k,1,16,4,866.9707,3467,4.6115,99.9116
nvme-ssd,IDE,raw,write,256k,8,16,4,684.6543,2738,46.7233,99.9183
nvme-ssd,IDE,xfs,write,256k,8,16,4,699.8896,2799,45.7051,99.8816
nvme-ssd,SCSI,raw,write,256k,8,16,4,849.7109,3398,37.6495,99.9366
nvme-ssd,SCSI,xfs,write,256k,8,16,4,943.4688,3773,33.9063,99.8882
nvme-ssd,IDE,raw,write,256k,64,16,4,680.5176,2722,374.9978,99.8883
nvme-ssd,IDE,xfs,write,256k,64,16,4,705.2188,2820,361.8709,99.8416
nvme-ssd,SCSI,raw,write,256k,64,16,4,922.3154,3689,276.9858,99.9683
nvme-ssd,SCSI,xfs,write,256k,64,16,4,856.1387,3424,298.1953,99.9216
nvme-ssd,IDE,raw,randread,4k,1,16,4,25.4355,6511,2.4550,99.8716
nvme-ssd,IDE,xfs,randread,4k,1,16,4,25.6689,6571,2.4326,99.8733
nvme-ssd,SCSI,raw,randread,4k,1,16,4,376.2471,96319,0.1643,99.9116
nvme-ssd,SCSI,xfs,randread,4k,1,16,4,369.5186,94596,0.1673,99.9066
nvme-ssd,IDE,raw,randread,4k,8,16,4,25.7695,6597,19.3993,99.8633
nvme-ssd,IDE,xfs,randread,4k,8,16,4,25.6436,6564,19.4938,99.8866
nvme-ssd,SCSI,raw,randread,4k,8,16,4,466.3018,119373,1.0709,100.0000
nvme-ssd,SCSI,xfs,randread,4k,8,16,4,467.5537,119693,1.0667,100.0000
nvme-ssd,IDE,raw,randread,4k,64,16,4,26.6963,6834,149.6441,99.8683
nvme-ssd,IDE,xfs,randread,4k,64,16,4,27.2080,6965,146.8270,99.8616
nvme-ssd,SCSI,raw,randread,4k,64,16,4,465.3867,119139,8.5921,100.0000
nvme-ssd,SCSI,xfs,randread,4k,64,16,4,468.4492,119923,8.5258,100.0000
nvme-ssd,IDE,raw,randread,16k,1,16,4,75.1367,4808,3.3250,99.8733
nvme-ssd,IDE,xfs,randread,16k,1,16,4,75.0811,4805,3.3274,99.8666
nvme-ssd,SCSI,raw,randread,16k,1,16,4,1019.6279,65256,0.2433,99.9049
nvme-ssd,SCSI,xfs,randread,16k,1,16,4,1022.8320,65461,0.2425,99.8850
nvme-ssd,IDE,raw,randread,16k,8,16,4,75.6602,4842,26.4292,99.8816
nvme-ssd,IDE,xfs,randread,16k,8,16,4,75.6729,4843,26.4244,99.8766
nvme-ssd,SCSI,raw,randread,16k,8,16,4,1659.8076,106227,1.2038,100.0000
nvme-ssd,SCSI,xfs,randread,16k,8,16,4,1703.1309,109000,1.1731,100.0000
nvme-ssd,IDE,raw,randread,16k,64,16,4,78.8096,5043,202.6567,99.8783
nvme-ssd,IDE,xfs,randread,16k,64,16,4,77.8896,4984,205.0601,99.8599
nvme-ssd,SCSI,raw,randread,16k,64,16,4,1671.3545,106966,9.5701,100.0000
nvme-ssd,IDE,raw,rw,4k,1,16,4,27.9238,7148,4.4712,99.9066
nvme-ssd,SCSI,xfs,randread,16k,64,16,4,1657.9697,106110,9.6354,100.0000
nvme-ssd,IDE,raw,randread,64k,1,16,4,174.1787,2786,5.7387,99.8799
nvme-ssd,IDE,xfs,randread,64k,1,16,4,174.0283,2784,5.7436,99.8733
nvme-ssd,SCSI,raw,randread,64k,1,16,4,1613.7129,25819,0.6178,99.8749
nvme-ssd,SCSI,xfs,randread,64k,1,16,4,1603.9111,25662,0.6215,99.8716
nvme-ssd,IDE,raw,randread,64k,8,16,4,181.9990,2911,43.9467,99.8849
nvme-ssd,IDE,xfs,randread,64k,8,16,4,183.0518,2928,43.6918,99.8683
nvme-ssd,SCSI,raw,randread,64k,8,16,4,2002.4209,32038,3.9933,99.8716
nvme-ssd,SCSI,xfs,randread,64k,8,16,4,1978.3984,31654,4.0416,99.8799
nvme-ssd,IDE,raw,randread,64k,64,16,4,184.9717,2959,345.1314,99.8783
nvme-ssd,IDE,xfs,randread,64k,64,16,4,182.3984,2918,349.8107,99.8766
nvme-ssd,SCSI,raw,randread,64k,64,16,4,2004.9014,32078,31.9115,99.9383
nvme-ssd,SCSI,xfs,randread,64k,64,16,4,1983.3311,31733,32.2551,99.9266
nvme-ssd,IDE,raw,randread,256k,1,16,4,295.2900,1181,13.5422,99.8766
nvme-ssd,IDE,xfs,randread,256k,1,16,4,316.2354,1264,12.6450,99.8649
nvme-ssd,SCSI,raw,randread,256k,1,16,4,2036.9688,8147,1.9616,99.8833
nvme-ssd,SCSI,xfs,randread,256k,1,16,4,1975.4424,7901,2.0227,99.8799
nvme-ssd,IDE,raw,randread,256k,8,16,4,295.0156,1180,108.3986,99.8799
nvme-ssd,IDE,xfs,randread,256k,8,16,4,319.6982,1278,100.0346,99.8933
nvme-ssd,SCSI,raw,randread,256k,8,16,4,2007.2393,8028,15.9381,99.9583
nvme-ssd,SCSI,xfs,randread,256k,8,16,4,1984.2783,7937,16.1218,99.9466
nvme-ssd,IDE,raw,randread,256k,64,16,4,292.8672,1171,868.4746,99.8699
nvme-ssd,IDE,xfs,randread,256k,64,16,4,315.9336,1263,804.9770,99.8633
nvme-ssd,SCSI,raw,randread,256k,64,16,4,2024.0225,8096,126.3540,99.9833
nvme-ssd,SCSI,xfs,randread,256k,64,16,4,1985.2627,7941,128.7426,99.9516
nvme-ssd,IDE,raw,randwrite,4k,1,16,4,48.1709,12331,1.2953,99.9033
nvme-ssd,IDE,xfs,randwrite,4k,1,16,4,47.6221,12191,1.3102,99.9133
nvme-ssd,SCSI,raw,randwrite,4k,1,16,4,379.4668,97143,0.1629,99.9533
nvme-ssd,SCSI,xfs,randwrite,4k,1,16,4,246.4854,63100,0.2517,78.9825
nvme-ssd,IDE,raw,randwrite,4k,8,16,4,48.0029,12288,10.4134,99.9116
nvme-ssd,IDE,xfs,randwrite,4k,8,16,4,47.7842,12232,10.4605,99.9366
nvme-ssd,SCSI,raw,randwrite,4k,8,16,4,439.0039,112385,1.1373,100.0000
nvme-ssd,SCSI,xfs,randwrite,4k,8,16,4,217.8535,55770,2.2929,68.6343
nvme-ssd,IDE,raw,randwrite,4k,64,16,4,51.1484,13094,78.1528,99.9183
nvme-ssd,IDE,xfs,randwrite,4k,64,16,4,50.8984,13030,78.5427,99.9033
nvme-ssd,SCSI,raw,randwrite,4k,64,16,4,431.8594,110556,9.2583,100.0000
nvme-ssd,SCSI,xfs,randwrite,4k,64,16,4,216.1182,55326,18.5034,68.2420
nvme-ssd,IDE,raw,randwrite,16k,1,16,4,170.9268,10939,1.4605,99.9183
nvme-ssd,IDE,xfs,randwrite,16k,1,16,4,176.3486,11286,1.4154,99.9099
nvme-ssd,SCSI,raw,randwrite,16k,1,16,4,846.2480,54159,0.2935,99.9049
nvme-ssd,SCSI,xfs,randwrite,16k,1,16,4,821.2090,52557,0.3025,91.1144
nvme-ssd,IDE,raw,randwrite,16k,8,16,4,175.4980,11231,11.3933,99.9049
nvme-ssd,IDE,xfs,randwrite,16k,8,16,4,172.2295,11022,11.6094,99.9033
nvme-ssd,SCSI,raw,randwrite,16k,8,16,4,861.5029,55136,2.3200,99.9266
nvme-ssd,SCSI,xfs,randwrite,16k,8,16,4,807.4785,51678,2.4746,85.3772
nvme-ssd,IDE,raw,randwrite,16k,64,16,4,185.7666,11889,86.0659,99.9149
nvme-ssd,IDE,xfs,randwrite,16k,64,16,4,184.3076,11795,86.7533,99.8883
nvme-ssd,SCSI,raw,randwrite,16k,64,16,4,864.1123,55303,18.5121,99.9850
nvme-ssd,SCSI,xfs,randwrite,16k,64,16,4,797.4834,51038,20.0571,82.2508
nvme-ssd,IDE,raw,randwrite,64k,1,16,4,558.5547,8936,1.7881,99.8983
nvme-ssd,IDE,xfs,randwrite,64k,1,16,4,506.7617,8108,1.9710,99.8866
nvme-ssd,SCSI,raw,randwrite,64k,1,16,4,875.9590,14015,1.1396,99.8933
nvme-ssd,SCSI,xfs,randwrite,64k,1,16,4,875.1533,14002,1.1405,99.8749
nvme-ssd,IDE,raw,randwrite,64k,8,16,4,541.5264,8664,14.7699,99.9233
nvme-ssd,IDE,xfs,randwrite,64k,8,16,4,538.9336,8622,14.8407,99.8966
nvme-ssd,SCSI,raw,randwrite,64k,8,16,4,899.2383,14387,8.8942,99.8849
nvme-ssd,SCSI,xfs,randwrite,64k,8,16,4,837.5059,13400,9.5493,99.8683
nvme-ssd,IDE,raw,randwrite,64k,64,16,4,541.9678,8671,117.9518,99.9400
nvme-ssd,IDE,xfs,randwrite,64k,64,16,4,542.1123,8673,117.9463,99.9132
nvme-ssd,SCSI,raw,randwrite,64k,64,16,4,930.8613,14893,68.7139,99.9033
nvme-ssd,SCSI,xfs,randwrite,64k,64,16,4,861.8955,13790,74.2117,99.8866
nvme-ssd,IDE,raw,randwrite,256k,1,16,4,766.7471,3066,5.2140,99.9466
nvme-ssd,IDE,xfs,randwrite,256k,1,16,4,777.3057,3109,5.1433,99.8949
nvme-ssd,SCSI,raw,randwrite,256k,1,16,4,804.7021,3218,4.9682,99.8983
nvme-ssd,SCSI,xfs,randwrite,256k,1,16,4,912.9863,3651,4.3785,99.8716
nvme-ssd,IDE,raw,randwrite,256k,8,16,4,759.4033,3037,42.1265,99.9233
nvme-ssd,IDE,xfs,randwrite,256k,8,16,4,740.8828,2963,43.1758,99.9249
nvme-ssd,SCSI,raw,randwrite,256k,8,16,4,912.9746,3651,35.0401,99.9433
nvme-ssd,SCSI,xfs,randwrite,256k,8,16,4,877.8145,3511,36.4394,99.8932
nvme-ssd,IDE,raw,randwrite,256k,64,16,4,738.8740,2955,345.5403,99.8966
nvme-ssd,IDE,xfs,randwrite,256k,64,16,4,765.0811,3060,333.6316,99.8382
nvme-ssd,SCSI,raw,randwrite,256k,64,16,4,882.8525,3531,289.3545,99.9566
nvme-ssd,SCSI,xfs,randwrite,256k,64,16,4,800.0303,3200,319.1369,99.9299
nvme-ssd,IDE,xfs,rw,4k,1,16,4,27.1094,6939,4.6059,99.8883
nvme-ssd,SCSI,raw,rw,4k,1,16,4,371.6689,95147,0.3334,99.9283
nvme-ssd,SCSI,xfs,rw,4k,1,16,4,322.2041,82483,0.3848,99.8799
nvme-ssd,IDE,raw,rw,4k,8,16,4,93.5898,23958,10.6849,99.9166
nvme-ssd,IDE,xfs,rw,4k,8,16,4,93.5977,23960,10.6841,99.8799
nvme-ssd,SCSI,raw,rw,4k,8,16,4,450.5312,115335,2.2178,100.0000
nvme-ssd,SCSI,xfs,rw,4k,8,16,4,292.6201,74910,3.4145,99.9099
nvme-ssd,IDE,raw,rw,4k,64,16,4,265.4951,67966,30.1197,99.9266
nvme-ssd,IDE,xfs,rw,4k,64,16,4,258.8086,66254,30.8922,99.8933
nvme-ssd,SCSI,raw,rw,4k,64,16,4,454.4209,116331,17.6001,100.0000
nvme-ssd,SCSI,xfs,rw,4k,64,16,4,283.9844,72699,28.1622,99.8883
nvme-ssd,IDE,raw,rw,16k,1,16,4,84.2480,5391,5.9283,99.9166
nvme-ssd,IDE,xfs,rw,16k,1,16,4,83.0420,5314,6.0146,99.8766
nvme-ssd,SCSI,raw,rw,16k,1,16,4,838.7920,53682,0.5932,99.8999
nvme-ssd,SCSI,xfs,rw,16k,1,16,4,807.5342,51681,0.6161,99.8866
nvme-ssd,IDE,raw,rw,16k,8,16,4,235.5000,15071,16.9791,99.9299
nvme-ssd,IDE,xfs,rw,16k,8,16,4,226.7344,14510,17.6359,99.8866
nvme-ssd,SCSI,raw,rw,16k,8,16,4,1284.7031,82220,3.1118,99.9466
nvme-ssd,SCSI,xfs,rw,16k,8,16,4,1060.9092,67898,3.7679,99.8849
nvme-ssd,IDE,raw,rw,16k,64,16,4,290.3916,18584,110.2071,99.8966
nvme-ssd,IDE,xfs,rw,16k,64,16,4,299.1846,19147,106.9374,99.8933
nvme-ssd,SCSI,raw,rw,16k,64,16,4,1261.8350,80756,25.3547,100.0000
nvme-ssd,SCSI,xfs,rw,16k,64,16,4,999.6113,63974,32.0035,99.8916
nvme-ssd,IDE,raw,rw,64k,1,16,4,220.6230,3529,9.0571,99.9033
nvme-ssd,IDE,xfs,rw,64k,1,16,4,223.5146,3575,8.9393,99.8949
nvme-ssd,SCSI,raw,rw,64k,1,16,4,1148.9590,18382,1.7369,99.8799
nvme-ssd,SCSI,xfs,rw,64k,1,16,4,1159.4639,18550,1.7210,99.8766
nvme-ssd,IDE,raw,rw,64k,8,16,4,291.8984,4670,54.7242,99.9249
nvme-ssd,IDE,xfs,rw,64k,8,16,4,306.6045,4904,52.1034,99.8849
nvme-ssd,SCSI,raw,rw,64k,8,16,4,1298.5195,20775,12.3177,99.8966
nvme-ssd,SCSI,xfs,rw,64k,8,16,4,1305.7891,20891,12.2486,99.8699
nvme-ssd,IDE,raw,rw,64k,64,16,4,366.2334,5859,348.9388,99.8866
nvme-ssd,IDE,xfs,rw,64k,64,16,4,389.7686,6235,327.9109,99.8683
nvme-ssd,SCSI,raw,rw,64k,64,16,4,1263.8545,20221,101.2331,99.9233
nvme-ssd,SCSI,xfs,rw,64k,64,16,4,1294.0645,20704,98.8548,99.8999
nvme-ssd,IDE,raw,rw,256k,1,16,4,371.5117,1486,21.4879,99.9149
nvme-ssd,IDE,xfs,rw,256k,1,16,4,377.2100,1508,21.1781,99.8949
nvme-ssd,SCSI,raw,rw,256k,1,16,4,1226.2607,4904,6.5222,99.8849
nvme-ssd,SCSI,xfs,rw,256k,1,16,4,1259.6816,5037,6.3488,99.8816
nvme-ssd,IDE,raw,rw,256k,8,16,4,343.4463,1373,185.8357,99.8949
nvme-ssd,IDE,xfs,rw,256k,8,16,4,418.2627,1672,152.5000,99.8882
nvme-ssd,SCSI,raw,rw,256k,8,16,4,1323.2490,5292,48.3548,99.9583
nvme-ssd,SCSI,xfs,rw,256k,8,16,4,1248.6621,4994,51.2397,99.9166
nvme-ssd,IDE,raw,rw,256k,64,16,4,369.1484,1476,1378.4549,99.8783
nvme-ssd,IDE,xfs,rw,256k,64,16,4,468.2559,1872,1088.0109,99.8466
nvme-ssd,SCSI,raw,rw,256k,64,16,4,1235.8467,4942,413.5913,99.9783
nvme-ssd,SCSI,xfs,rw,256k,64,16,4,1304.4873,5217,391.8401,99.9266
nvme-ssd,IDE,raw,randrw,4k,1,16,4,31.6934,8112,3.9393,99.9116
nvme-ssd,IDE,xfs,randrw,4k,1,16,4,31.7979,8139,3.9262,99.8849
nvme-ssd,SCSI,raw,randrw,4k,1,16,4,312.0078,79873,0.3972,99.9100
nvme-ssd,SCSI,xfs,randrw,4k,1,16,4,297.9824,76282,0.4158,99.8699
nvme-ssd,IDE,raw,randrw,4k,8,16,4,31.8164,8144,31.4126,99.9249
nvme-ssd,IDE,xfs,randrw,4k,8,16,4,31.6729,8108,31.5536,99.8866
nvme-ssd,SCSI,raw,randrw,4k,8,16,4,448.4863,114811,2.2275,100.0000
nvme-ssd,SCSI,xfs,randrw,4k,8,16,4,285.8818,73185,3.4942,99.8766
nvme-ssd,IDE,raw,randrw,4k,64,16,4,33.1396,8483,241.1514,99.9116
nvme-ssd,IDE,xfs,randrw,4k,64,16,4,33.0771,8467,241.6222,99.8649
nvme-ssd,SCSI,raw,randrw,4k,64,16,4,446.4209,114283,17.9146,100.0000
nvme-ssd,SCSI,xfs,randrw,4k,64,16,4,280.5264,71814,28.5097,99.8916
nvme-ssd,IDE,raw,randrw,16k,1,16,4,90.8887,5816,5.4953,99.8966
nvme-ssd,IDE,xfs,randrw,16k,1,16,4,92.2529,5903,5.4137,99.8883
nvme-ssd,SCSI,raw,randrw,16k,1,16,4,699.7988,44786,0.7110,99.8983
nvme-ssd,SCSI,xfs,randrw,16k,1,16,4,705.4434,45147,0.7051,99.8849
nvme-ssd,IDE,raw,randrw,16k,8,16,4,93.9004,6009,42.5231,99.8866
nvme-ssd,IDE,xfs,randrw,16k,8,16,4,93.6094,5990,42.6496,99.8666
nvme-ssd,SCSI,raw,randrw,16k,8,16,4,1249.2344,79950,3.1994,99.9149
nvme-ssd,SCSI,xfs,randrw,16k,8,16,4,1055.4258,67546,3.7864,99.8949
nvme-ssd,IDE,raw,randrw,16k,64,16,4,96.7334,6190,330.3146,99.9083
nvme-ssd,IDE,xfs,randrw,16k,64,16,4,96.5801,6181,330.8779,99.8599
nvme-ssd,SCSI,raw,randrw,16k,64,16,4,1208.9404,77372,26.4645,100.0000
nvme-ssd,SCSI,xfs,randrw,16k,64,16,4,1006.8984,64440,31.7708,99.8933
nvme-ssd,IDE,raw,randrw,64k,1,16,4,224.5322,3592,8.8991,99.9149
nvme-ssd,IDE,xfs,randrw,64k,1,16,4,231.6006,3705,8.6279,99.8766
nvme-ssd,SCSI,raw,randrw,64k,1,16,4,1158.4883,18535,1.7221,99.8899
nvme-ssd,SCSI,xfs,randrw,64k,1,16,4,1193.6357,19097,1.6712,99.8699
nvme-ssd,IDE,raw,randrw,64k,8,16,4,231.9404,3710,68.8235,99.8916
nvme-ssd,IDE,xfs,randrw,64k,8,16,4,225.7529,3611,70.6994,99.8666
nvme-ssd,SCSI,raw,randrw,64k,8,16,4,1269.5986,20312,12.5976,99.8933
nvme-ssd,SCSI,xfs,randrw,64k,8,16,4,1317.0293,21072,12.1432,99.8649
nvme-ssd,IDE,raw,randrw,64k,64,16,4,229.5264,3671,556.2877,99.9249
nvme-ssd,IDE,xfs,randrw,64k,64,16,4,234.2158,3747,545.2391,99.8716
nvme-ssd,SCSI,raw,randrw,64k,64,16,4,1322.1973,21154,96.7630,99.9299
nvme-ssd,SCSI,xfs,randrw,64k,64,16,4,1254.0645,20064,102.0226,99.9182
nvme-ssd,IDE,raw,randrw,256k,1,16,4,373.8535,1495,21.3620,99.9183
nvme-ssd,IDE,xfs,randrw,256k,1,16,4,375.8682,1503,21.2465,99.8899
nvme-ssd,SCSI,raw,randrw,256k,1,16,4,1255.6367,5021,6.3688,99.8849
nvme-ssd,SCSI,xfs,randrw,256k,1,16,4,1269.7148,5078,6.2981,99.8699
nvme-ssd,IDE,raw,randrw,256k,8,16,4,383.1318,1532,166.6527,99.9199
nvme-ssd,IDE,xfs,randrw,256k,8,16,4,367.7217,1470,173.5807,99.8849
nvme-ssd,SCSI,raw,randrw,256k,8,16,4,1336.5811,5345,47.8740,99.9283
nvme-ssd,SCSI,xfs,randrw,256k,8,16,4,1260.0361,5039,50.7799,99.8932
nvme-ssd,IDE,raw,randrw,256k,64,16,4,360.8887,1443,1410.4464,99.8983
nvme-ssd,IDE,xfs,randrw,256k,64,16,4,396.3018,1584,1284.7379,99.8416
nvme-ssd,SCSI,raw,randrw,256k,64,16,4,1284.8701,5139,397.8946,99.9700
nvme-ssd,SCSI,xfs,randrw,256k,64,16,4,1312.4883,5249,389.3589,99.9332
nvme-ssd,IDE,raw,read,4k,1,16,5,60.9619,15606,1.0240,99.8866
nvme-ssd,IDE,xfs,read,4k,1,16,5,61.2354,15676,1.0194,99.8783
nvme-ssd,SCSI,raw,read,4k,1,16,5,396.7822,101576,0.1560,99.9116
nvme-ssd,SCSI,xfs,read,4k,1,16,5,387.3193,99153,0.1599,99.9016
nvme-ssd,IDE,raw,read,4k,8,16,5,170.2559,43585,2.9362,99.8933
nvme-ssd,IDE,xfs,read,4k,8,16,5,197.2119,50486,2.5347,99.9700
nvme-ssd,SCSI,raw,read,4k,8,16,5,472.0703,120850,1.0582,100.0000
nvme-ssd,SCSI,xfs,read,4k,8,16,5,469.0547,120078,1.0643,100.0000
nvme-ssd,IDE,raw,read,4k,64,16,5,284.3203,72786,14.0673,99.9500
nvme-ssd,IDE,xfs,read,4k,64,16,5,307.1602,78633,13.0210,99.8833
nvme-ssd,SCSI,raw,read,4k,64,16,5,469.2080,120117,8.5230,100.0000
nvme-ssd,SCSI,xfs,read,4k,64,16,5,468.0498,119820,8.5341,100.0000
nvme-ssd,IDE,raw,read,16k,1,16,5,167.7188,10734,1.4894,99.8833
nvme-ssd,IDE,xfs,read,16k,1,16,5,138.7285,8878,1.8008,99.8899
nvme-ssd,SCSI,raw,read,16k,1,16,5,1043.8213,66804,0.2380,99.8999
nvme-ssd,SCSI,xfs,read,16k,1,16,5,1039.4863,66527,0.2390,99.9100
nvme-ssd,IDE,raw,read,16k,8,16,5,293.4443,18780,6.8147,99.8699
nvme-ssd,IDE,xfs,read,16k,8,16,5,313.2207,20046,6.3843,99.8783
nvme-ssd,SCSI,raw,read,16k,8,16,5,1628.2217,104206,1.2275,100.0000
nvme-ssd,SCSI,xfs,read,16k,8,16,5,1637.0000,104768,1.2208,100.0000
nvme-ssd,IDE,raw,read,16k,64,16,5,295.6895,18924,54.1053,99.8983
nvme-ssd,IDE,xfs,read,16k,64,16,5,298.0205,19073,53.6811,99.8949
nvme-ssd,SCSI,raw,read,16k,64,16,5,1689.4775,108126,9.4671,100.0000
nvme-ssd,SCSI,xfs,read,16k,64,16,5,1650.9287,105659,9.6772,100.0000
nvme-ssd,IDE,raw,read,64k,1,16,5,302.1670,4834,3.3080,99.8883
nvme-ssd,IDE,xfs,read,64k,1,16,5,299.6133,4793,3.3361,99.8799
nvme-ssd,SCSI,raw,read,64k,1,16,5,1647.8750,26366,0.6052,99.8733
nvme-ssd,SCSI,xfs,read,64k,1,16,5,1632.7949,26124,0.6108,99.8699
nvme-ssd,IDE,raw,read,64k,8,16,5,297.2588,4756,26.9087,99.8799
nvme-ssd,IDE,xfs,read,64k,8,16,5,319.4873,5111,25.0357,99.8866
nvme-ssd,SCSI,raw,read,64k,8,16,5,2001.1338,32018,3.9962,99.8783
nvme-ssd,SCSI,xfs,read,64k,8,16,5,1989.9092,31838,4.0186,99.8816
nvme-ssd,IDE,raw,read,64k,64,16,5,296.3604,4741,215.6124,99.8633
nvme-ssd,IDE,xfs,read,64k,64,16,5,314.9932,5039,202.8642,99.8633
nvme-ssd,SCSI,raw,read,64k,64,16,5,2039.2734,32628,31.3729,99.9316
nvme-ssd,SCSI,xfs,read,64k,64,16,5,2006.6289,32106,31.8780,99.9349
nvme-ssd,IDE,raw,read,256k,1,16,5,295.1084,1180,13.5519,99.8766
nvme-ssd,IDE,xfs,read,256k,1,16,5,319.7900,1279,12.5052,99.8649
nvme-ssd,SCSI,raw,read,256k,1,16,5,2003.2285,8012,1.9949,99.8799
nvme-ssd,SCSI,xfs,read,256k,1,16,5,1983.3877,7933,2.0149,99.8766
nvme-ssd,IDE,raw,read,256k,8,16,5,295.4297,1181,108.2449,99.8633
nvme-ssd,IDE,xfs,read,256k,8,16,5,340.9180,1363,93.8071,99.8683
nvme-ssd,SCSI,raw,read,256k,8,16,5,1982.7461,7930,16.1353,99.9399
nvme-ssd,SCSI,xfs,read,256k,8,16,5,1955.5645,7822,16.3580,99.9133
nvme-ssd,IDE,raw,read,256k,64,16,5,293.2549,1173,867.1557,99.8633
nvme-ssd,IDE,xfs,read,256k,64,16,5,333.5312,1334,763.2817,99.8666
nvme-ssd,SCSI,raw,read,256k,64,16,5,1999.6162,7998,127.8881,99.9950
nvme-ssd,SCSI,xfs,read,256k,64,16,5,1994.9385,7979,128.1218,99.9616
nvme-ssd,IDE,raw,write,4k,1,16,5,85.7520,21952,0.7275,99.9233
nvme-ssd,IDE,xfs,write,4k,1,16,5,78.7402,20157,0.7922,99.8799
nvme-ssd,SCSI,raw,write,4k,1,16,5,384.4561,98420,0.1611,99.9416
nvme-ssd,SCSI,xfs,write,4k,1,16,5,244.4941,62590,0.2540,80.0083
nvme-ssd,IDE,raw,write,4k,8,16,5,367.3047,94030,1.3607,100.0000
nvme-ssd,IDE,xfs,write,4k,8,16,5,284.1943,72753,1.7587,99.8766
nvme-ssd,SCSI,raw,write,4k,8,16,5,437.5459,112011,1.1416,100.0000
nvme-ssd,SCSI,xfs,write,4k,8,16,5,219.4492,56179,2.2769,76.0131
nvme-ssd,IDE,raw,write,4k,64,16,5,540.6455,138405,7.3980,99.9750
nvme-ssd,IDE,xfs,write,4k,64,16,5,229.2637,58691,17.4430,99.8949
nvme-ssd,SCSI,raw,write,4k,64,16,5,431.4863,110460,9.2666,100.0000
nvme-ssd,SCSI,xfs,write,4k,64,16,5,218.3818,55905,18.3110,70.5750
nvme-ssd,IDE,raw,write,16k,1,16,5,239.7666,15345,1.0412,99.9166
nvme-ssd,IDE,xfs,write,16k,1,16,5,311.7666,19953,0.8004,99.8916
nvme-ssd,SCSI,raw,write,16k,1,16,5,885.4268,56667,0.2808,99.8983
nvme-ssd,SCSI,xfs,write,16k,1,16,5,840.8203,53812,0.2957,94.8227
nvme-ssd,IDE,raw,write,16k,8,16,5,534.2842,34194,3.7426,99.9183
nvme-ssd,IDE,xfs,write,16k,8,16,5,678.0283,43393,2.9490,99.9149
nvme-ssd,SCSI,raw,write,16k,8,16,5,874.7070,55981,2.2854,99.8999
nvme-ssd,SCSI,xfs,write,16k,8,16,5,815.2354,52175,2.4517,88.7510
nvme-ssd,IDE,raw,write,16k,64,16,5,534.2627,34192,29.9459,99.9433
nvme-ssd,IDE,xfs,write,16k,64,16,5,569.1475,36425,28.1066,99.8916
nvme-ssd,SCSI,raw,write,16k,64,16,5,872.5703,55844,18.3331,99.9633
nvme-ssd,SCSI,xfs,write,16k,64,16,5,799.9219,51195,19.9956,90.6082
nvme-ssd,IDE,raw,write,64k,1,16,5,612.8281,9805,1.6303,99.8916
nvme-ssd,IDE,xfs,write,64k,1,16,5,572.5283,9160,1.7451,99.9182
nvme-ssd,SCSI,raw,write,64k,1,16,5,907.7256,14523,1.0999,99.8799
nvme-ssd,SCSI,xfs,write,64k,1,16,5,893.3467,14293,1.1175,99.8716
nvme-ssd,IDE,raw,write,64k,8,16,5,544.3193,8709,14.6951,99.9199
nvme-ssd,IDE,xfs,write,64k,8,16,5,696.1572,11138,11.4895,99.8716
nvme-ssd,SCSI,raw,write,64k,8,16,5,854.9834,13679,9.3547,99.8849
nvme-ssd,SCSI,xfs,write,64k,8,16,5,901.5439,14424,8.8710,99.8733
nvme-ssd,IDE,raw,write,64k,64,16,5,614.0303,9824,104.1449,99.8933
nvme-ssd,IDE,xfs,write,64k,64,16,5,693.3467,11093,92.2391,99.8533
nvme-ssd,SCSI,raw,write,64k,64,16,5,939.4893,15031,68.0786,99.9116
nvme-ssd,SCSI,xfs,write,64k,64,16,5,884.0693,14145,72.3473,99.8816
nvme-ssd,IDE,raw,write,256k,1,16,5,549.7021,2198,7.2742,99.9149
nvme-ssd,IDE,xfs,write,256k,1,16,5,706.3018,2825,5.6610,99.8749
nvme-ssd,SCSI,raw,write,256k,1,16,5,879.6953,3518,4.5449,99.9616
nvme-ssd,SCSI,xfs,write,256k,1,16,5,898.5342,3594,4.4495,99.9066
nvme-ssd,IDE,raw,write,256k,8,16,5,705.2266,2820,45.3601,99.9016
nvme-ssd,IDE,xfs,write,256k,8,16,5,706.1738,2824,45.2991,99.8699
nvme-ssd,SCSI,raw,write,256k,8,16,5,943.6963,3774,33.8984,99.9599
nvme-ssd,SCSI,xfs,write,256k,8,16,5,901.6367,3606,35.4803,99.8949
nvme-ssd,IDE,raw,write,256k,64,16,5,678.3525,2713,376.2367,99.8832
nvme-ssd,IDE,xfs,write,256k,64,16,5,718.9326,2875,355.0125,99.8416
nvme-ssd,SCSI,raw,write,256k,64,16,5,852.7217,3410,299.6222,99.9800
nvme-ssd,SCSI,xfs,write,256k,64,16,5,859.8379,3439,297.1627,99.9366
nvme-ssd,IDE,raw,randread,4k,1,16,5,25.7012,6579,2.4296,99.8749
nvme-ssd,IDE,xfs,randread,4k,1,16,5,25.5723,6546,2.4418,99.9016
nvme-ssd,SCSI,raw,randread,4k,1,16,5,372.6934,95409,0.1659,99.9216
nvme-ssd,SCSI,xfs,randread,4k,1,16,5,367.5547,94094,0.1682,99.9116
nvme-ssd,IDE,raw,randread,4k,8,16,5,25.7217,6584,19.4344,99.8716
nvme-ssd,IDE,xfs,randread,4k,8,16,5,25.7910,6602,19.3821,99.8983
nvme-ssd,SCSI,raw,randread,4k,8,16,5,460.5449,117899,1.0843,100.0000
nvme-ssd,SCSI,xfs,randread,4k,8,16,5,462.9277,118509,1.0784,100.0000
nvme-ssd,IDE,raw,randread,4k,64,16,5,26.6846,6831,149.7247,99.8583
nvme-ssd,IDE,xfs,randread,4k,64,16,5,26.7783,6855,149.1911,99.8633
nvme-ssd,SCSI,raw,randread,4k,64,16,5,465.3623,119132,8.5922,100.0000
nvme-ssd,SCSI,xfs,randread,4k,64,16,5,466.6006,119449,8.5603,100.0000
nvme-ssd,IDE,raw,randread,16k,1,16,5,75.1113,4807,3.3262,99.8716
nvme-ssd,IDE,xfs,randread,16k,1,16,5,74.9014,4793,3.3354,99.8816
nvme-ssd,SCSI,raw,randread,16k,1,16,5,1016.2578,65040,0.2441,99.9033
nvme-ssd,SCSI,xfs,randread,16k,1,16,5,1020.6172,65319,0.2430,99.8949
nvme-ssd,IDE,raw,randread,16k,8,16,5,75.7061,4845,26.4132,99.8699
nvme-ssd,IDE,xfs,randread,16k,8,16,5,75.5391,4834,26.4705,99.8733
nvme-ssd,SCSI,raw,randread,16k,8,16,5,1698.1064,108678,1.1767,100.0000
nvme-ssd,SCSI,xfs,randread,16k,8,16,5,1677.1543,107337,1.1911,100.0000
nvme-ssd,IDE,raw,randread,16k,64,16,5,77.8818,4984,205.1035,99.8633
nvme-ssd,IDE,xfs,randread,16k,64,16,5,77.9707,4990,204.8637,99.8599
nvme-ssd,SCSI,raw,randread,16k,64,16,5,1653.5938,105830,9.6729,100.0000
nvme-ssd,SCSI,xfs,randread,16k,64,16,5,1648.0498,105475,9.6950,100.0000
nvme-ssd,IDE,raw,randread,64k,1,16,5,173.9785,2783,5.7454,99.8799
nvme-ssd,IDE,xfs,randread,64k,1,16,5,174.2324,2787,5.7369,99.8749
nvme-ssd,SCSI,raw,randread,64k,1,16,5,1605.3926,25686,0.6209,99.8899
nvme-ssd,SCSI,xfs,randread,64k,1,16,5,1603.8350,25661,0.6215,99.8666
nvme-ssd,IDE,raw,randread,64k,8,16,5,181.4160,2902,44.0875,99.8749
nvme-ssd,IDE,xfs,randread,64k,8,16,5,181.8184,2909,43.9884,99.8716
nvme-ssd,SCSI,raw,randread,64k,8,16,5,1968.6738,31498,4.0617,99.8833
nvme-ssd,SCSI,xfs,randread,64k,8,16,5,1945.3320,31125,4.1104,99.8916
nvme-ssd,IDE,raw,randread,64k,64,16,5,184.0850,2945,346.7626,99.8866
nvme-ssd,IDE,xfs,randread,64k,64,16,5,184.5957,2953,345.7479,99.8833
nvme-ssd,SCSI,raw,randread,64k,64,16,5,1989.0596,31824,32.1671,99.9366
nvme-ssd,SCSI,xfs,randread,64k,64,16,5,1980.2695,31684,32.3047,99.9233
nvme-ssd,IDE,raw,randread,256k,1,16,5,295.8418,1183,13.5169,99.8849
nvme-ssd,IDE,xfs,randread,256k,1,16,5,315.5234,1262,12.6734,99.8749
nvme-ssd,SCSI,raw,randread,256k,1,16,5,1994.5918,7978,2.0032,99.8749
nvme-ssd,SCSI,xfs,randread,256k,1,16,5,1968.6338,7874,2.0296,99.8966
nvme-ssd,IDE,raw,randread,256k,8,16,5,293.5205,1174,108.9541,99.8716
nvme-ssd,IDE,xfs,randread,256k,8,16,5,318.1445,1272,100.5188,99.8633
nvme-ssd,SCSI,raw,randread,256k,8,16,5,2012.1006,8048,15.8995,99.9583
nvme-ssd,SCSI,xfs,randread,256k,8,16,5,1989.2061,7956,16.0807,99.9083
nvme-ssd,IDE,raw,randread,256k,64,16,5,293.1270,1172,867.5868,99.8683
nvme-ssd,IDE,xfs,randread,256k,64,16,5,314.7744,1259,807.8462,99.8666
nvme-ssd,SCSI,raw,randread,256k,64,16,5,2003.1143,8012,127.6703,99.9933
nvme-ssd,SCSI,xfs,randread,256k,64,16,5,1975.9473,7903,129.3936,99.9683
nvme-ssd,IDE,raw,randwrite,4k,1,16,5,47.7900,12234,1.3057,99.9099
nvme-ssd,IDE,xfs,randwrite,4k,1,16,5,47.2354,12092,1.3210,99.9049
nvme-ssd,SCSI,raw,randwrite,4k,1,16,5,379.7500,97216,0.1628,99.9249
nvme-ssd,SCSI,xfs,randwrite,4k,1,16,5,240.9121,61673,0.2576,78.4915
nvme-ssd,IDE,raw,randwrite,4k,8,16,5,48.8018,12493,10.2428,99.9133
nvme-ssd,IDE,xfs,randwrite,4k,8,16,5,47.6494,12198,10.4901,99.9049
nvme-ssd,SCSI,raw,randwrite,4k,8,16,5,430.4199,110187,1.1602,100.0000
nvme-ssd,SCSI,xfs,randwrite,4k,8,16,5,218.7979,56012,2.2831,68.4438
nvme-ssd,IDE,raw,randwrite,4k,64,16,5,51.0342,13064,78.3246,99.9549
nvme-ssd,IDE,xfs,randwrite,4k,64,16,5,50.6602,12969,78.9099,99.9216
nvme-ssd,SCSI,raw,randwrite,4k,64,16,5,430.4258,110189,9.2900,100.0000
nvme-ssd,SCSI,xfs,randwrite,4k,64,16,5,216.2715,55365,18.4891,68.4026
nvme-ssd,IDE,raw,randwrite,16k,1,16,5,171.8379,10997,1.4528,99.9016
nvme-ssd,IDE,xfs,randwrite,16k,1,16,5,176.2080,11277,1.4166,99.9016
nvme-ssd,SCSI,raw,randwrite,16k,1,16,5,830.9756,53182,0.2989,99.9116
nvme-ssd,SCSI,xfs,randwrite,16k,1,16,5,870.0352,55682,0.2854,90.3215
nvme-ssd,IDE,raw,randwrite,16k,8,16,5,172.6328,11048,11.5825,99.8883
nvme-ssd,IDE,xfs,randwrite,16k,8,16,5,171.0146,10944,11.6919,99.9099
nvme-ssd,SCSI,raw,randwrite,16k,8,16,5,869.2051,55629,2.2994,99.9216
nvme-ssd,SCSI,xfs,randwrite,16k,8,16,5,793.5635,50788,2.5180,89.1364
nvme-ssd,IDE,raw,randwrite,16k,64,16,5,185.6484,11881,86.1217,99.9333
nvme-ssd,IDE,xfs,randwrite,16k,64,16,5,184.1689,11786,86.8172,99.9049
nvme-ssd,SCSI,raw,randwrite,16k,64,16,5,855.3428,54741,18.7023,99.9933
nvme-ssd,SCSI,xfs,randwrite,16k,64,16,5,787.9512,50428,20.3002,82.8831
nvme-ssd,IDE,raw,randwrite,64k,1,16,5,503.6904,8059,1.9831,99.9233
nvme-ssd,IDE,xfs,randwrite,64k,1,16,5,555.1006,8881,1.7992,99.8816
nvme-ssd,SCSI,raw,randwrite,64k,1,16,5,901.8457,14429,1.1068,99.8749
nvme-ssd,SCSI,xfs,randwrite,64k,1,16,5,848.6514,13578,1.1762,99.8666
nvme-ssd,IDE,raw,randwrite,64k,8,16,5,516.6641,8266,15.4807,99.9249
nvme-ssd,IDE,xfs,randwrite,64k,8,16,5,514.6338,8234,15.5414,99.9132
nvme-ssd,SCSI,raw,randwrite,64k,8,16,5,926.0605,14816,8.6361,99.8816
nvme-ssd,SCSI,xfs,randwrite,64k,8,16,5,800.6953,12811,9.9882,99.8749
nvme-ssd,IDE,raw,randwrite,64k,64,16,5,541.2490,8659,118.1328,99.9766
nvme-ssd,IDE,xfs,randwrite,64k,64,16,5,540.0576,8640,118.3871,99.9216
nvme-ssd,SCSI,raw,randwrite,64k,64,16,5,840.7217,13451,76.0831,99.9066
nvme-ssd,SCSI,xfs,randwrite,64k,64,16,5,818.9805,13103,78.0895,99.8799
nvme-ssd,IDE,raw,randwrite,256k,1,16,5,809.2979,3237,4.9400,99.9033
nvme-ssd,IDE,xfs,randwrite,256k,1,16,5,781.4639,3125,5.1159,99.8833
nvme-ssd,SCSI,raw,randwrite,256k,1,16,5,800.8828,3203,4.9919,99.9750
nvme-ssd,SCSI,xfs,randwrite,256k,1,16,5,945.0449,3780,4.2301,99.9116
nvme-ssd,IDE,raw,randwrite,256k,8,16,5,740.9590,2963,43.1688,99.9549
nvme-ssd,IDE,xfs,randwrite,256k,8,16,5,736.3857,2945,43.4385,99.9266
nvme-ssd,SCSI,raw,randwrite,256k,8,16,5,954.4404,3817,33.5173,99.9633
nvme-ssd,SCSI,xfs,randwrite,256k,8,16,5,848.8008,3395,37.6888,99.8983
nvme-ssd,IDE,raw,randwrite,256k,64,16,5,739.9795,2959,344.9490,99.8816
nvme-ssd,IDE,xfs,randwrite,256k,64,16,5,760.1436,3040,335.8676,99.8549
nvme-ssd,SCSI,raw,randwrite,256k,64,16,5,903.3232,3613,282.8795,99.9716
nvme-ssd,SCSI,xfs,randwrite,256k,64,16,5,807.9346,3231,316.0747,99.9182
nvme-ssd,IDE,raw,rw,4k,1,16,5,26.9678,6903,4.6296,99.8783
nvme-ssd,IDE,xfs,rw,4k,1,16,5,27.1484,6950,4.5995,99.8766
nvme-ssd,SCSI,raw,rw,4k,1,16,5,373.3633,95580,0.3319,99.9166
nvme-ssd,SCSI,xfs,rw,4k,1,16,5,323.4043,82791,0.3834,99.8916
nvme-ssd,IDE,raw,rw,4k,8,16,5,93.5088,23937,10.6942,99.9183
nvme-ssd,IDE,xfs,rw,4k,8,16,5,92.8311,23764,10.7723,99.8866
nvme-ssd,SCSI,raw,rw,4k,8,16,5,457.9014,117222,2.1823,100.0000
nvme-ssd,SCSI,xfs,rw,4k,8,16,5,288.4365,73839,3.4640,99.8866
nvme-ssd,IDE,raw,rw,4k,64,16,5,259.6621,66473,30.7946,99.9300
nvme-ssd,IDE,xfs,rw,4k,64,16,5,263.8369,67541,30.3064,99.8899
nvme-ssd,SCSI,raw,rw,4k,64,16,5,456.0283,116742,17.5378,100.0000
nvme-ssd,SCSI,xfs,rw,4k,64,16,5,286.5742,73362,27.9019,99.8783
nvme-ssd,IDE,raw,rw,16k,1,16,5,85.7129,5485,5.8280,99.9049
nvme-ssd,IDE,xfs,rw,16k,1,16,5,84.9277,5435,5.8809,99.8749
nvme-ssd,SCSI,raw,rw,16k,1,16,5,813.1904,52044,0.6119,99.9066
nvme-ssd,SCSI,xfs,rw,16k,1,16,5,808.7383,51758,0.6151,99.8883
nvme-ssd,IDE,raw,rw,16k,8,16,5,237.1719,15178,16.8597,99.8899
nvme-ssd,IDE,xfs,rw,16k,8,16,5,231.8135,14835,17.2484,99.8933
nvme-ssd,SCSI,raw,rw,16k,8,16,5,1246.3398,79765,3.2075,99.9349
nvme-ssd,SCSI,xfs,rw,16k,8,16,5,1070.7285,68525,3.7333,99.8949
nvme-ssd,IDE,raw,rw,16k,64,16,5,280.5039,17951,114.0864,99.8966
nvme-ssd,IDE,xfs,rw,16k,64,16,5,296.4648,18973,107.9134,99.8733
nvme-ssd,SCSI,raw,rw,16k,64,16,5,1252.9727,80189,25.5338,99.9933
nvme-ssd,SCSI,xfs,rw,16k,64,16,5,1023.6377,65512,31.2525,99.8949
nvme-ssd,IDE,raw,rw,64k,1,16,5,224.1787,3586,8.9121,99.9066
nvme-ssd,IDE,xfs,rw,64k,1,16,5,224.5498,3592,8.8980,99.8699
nvme-ssd,SCSI,raw,rw,64k,1,16,5,1140.3203,18244,1.7500,99.8949
nvme-ssd,SCSI,xfs,rw,64k,1,16,5,1123.5264,17975,1.7763,99.8699
nvme-ssd,IDE,raw,rw,64k,8,16,5,291.3672,4661,54.8257,99.8866
nvme-ssd,IDE,xfs,rw,64k,8,16,5,305.9873,4895,52.2074,99.8866
nvme-ssd,SCSI,raw,rw,64k,8,16,5,1289.9854,20639,12.3990,99.8799
nvme-ssd,SCSI,xfs,rw,64k,8,16,5,1281.0596,20496,12.4851,99.8833
nvme-ssd,IDE,raw,rw,64k,64,16,5,384.2344,6146,332.6179,99.9016
nvme-ssd,IDE,xfs,rw,64k,64,16,5,380.4004,6085,335.9556,99.8566
nvme-ssd,SCSI,raw,rw,64k,64,16,5,1271.5264,20343,100.6181,99.9266
nvme-ssd,SCSI,xfs,rw,64k,64,16,5,1311.1621,20977,97.5728,99.9066
nvme-ssd,IDE,raw,rw,256k,1,16,5,363.9531,1454,21.9480,99.9083
nvme-ssd,IDE,xfs,rw,256k,1,16,5,367.6787,1469,21.7192,99.8849
nvme-ssd,SCSI,raw,rw,256k,1,16,5,1243.6289,4974,6.4310,99.9166
nvme-ssd,SCSI,xfs,rw,256k,1,16,5,1238.2832,4952,6.4586,99.8899
nvme-ssd,IDE,raw,rw,256k,8,16,5,350.9385,1403,181.8664,99.9049
nvme-ssd,IDE,xfs,rw,256k,8,16,5,426.8174,1707,149.4331,99.8932
nvme-ssd,SCSI,raw,rw,256k,8,16,5,1272.1133,5087,50.2991,99.9483
nvme-ssd,SCSI,xfs,rw,256k,8,16,5,1276.3213,5104,50.1320,99.8916
nvme-ssd,IDE,raw,rw,256k,64,16,5,367.6807,1470,1383.6308,99.8833
nvme-ssd,IDE,xfs,rw,256k,64,16,5,474.4590,1897,1073.9672,99.8416
nvme-ssd,SCSI,raw,rw,256k,64,16,5,1239.1113,4955,412.5741,99.9649
nvme-ssd,SCSI,xfs,rw,256k,64,16,5,1277.7021,5110,400.0737,99.9299
nvme-ssd,IDE,raw,randrw,4k,1,16,5,31.6123,8092,3.9493,99.9049
nvme-ssd,IDE,xfs,randrw,4k,1,16,5,31.5605,8078,3.9558,99.9016
nvme-ssd,SCSI,raw,randrw,4k,1,16,5,307.9668,78839,0.4024,99.9150
nvme-ssd,SCSI,xfs,randrw,4k,1,16,5,294.6367,75426,0.4205,99.8999
nvme-ssd,IDE,raw,randrw,4k,8,16,5,31.8447,8152,31.3816,99.9083
nvme-ssd,IDE,xfs,randrw,4k,8,16,5,31.7676,8132,31.4566,99.8749
nvme-ssd,SCSI,raw,randrw,4k,8,16,5,449.0967,114968,2.2244,100.0000
nvme-ssd,SCSI,xfs,randrw,4k,8,16,5,286.8193,73425,3.4826,99.8766
nvme-ssd,IDE,raw,randrw,4k,64,16,5,33.2158,8502,240.5861,99.8816
nvme-ssd,IDE,xfs,randrw,4k,64,16,5,33.3760,8544,239.4658,99.8933
nvme-ssd,SCSI,raw,randrw,4k,64,16,5,448.7559,114881,17.8220,100.0000
nvme-ssd,SCSI,xfs,randrw,4k,64,16,5,283.3535,72538,28.2251,99.8849
nvme-ssd,IDE,raw,randrw,16k,1,16,5,92.4766,5917,5.4008,99.8916
nvme-ssd,IDE,xfs,randrw,16k,1,16,5,90.5303,5793,5.5168,99.8733
nvme-ssd,SCSI,raw,randrw,16k,1,16,5,701.2998,44882,0.7094,99.8849
nvme-ssd,SCSI,xfs,randrw,16k,1,16,5,699.8223,44788,0.7108,99.8966
nvme-ssd,IDE,raw,randrw,16k,8,16,5,93.9150,6010,42.5100,99.8899
nvme-ssd,IDE,xfs,randrw,16k,8,16,5,93.4404,5979,42.7280,99.8799
nvme-ssd,SCSI,raw,randrw,16k,8,16,5,1220.2451,78095,3.2755,99.9099
nvme-ssd,SCSI,xfs,randrw,16k,8,16,5,1056.9893,67646,3.7810,99.8966
nvme-ssd,IDE,raw,randrw,16k,64,16,5,96.9658,6205,329.5124,99.9166
nvme-ssd,IDE,xfs,randrw,16k,64,16,5,96.7354,6190,330.3424,99.8866
nvme-ssd,SCSI,raw,randrw,16k,64,16,5,1227.1133,78534,26.0732,100.0000
nvme-ssd,SCSI,xfs,randrw,16k,64,16,5,1008.8203,64564,31.7111,99.8916
nvme-ssd,IDE,raw,randrw,64k,1,16,5,224.0098,3584,8.9198,99.8983
nvme-ssd,IDE,xfs,randrw,64k,1,16,5,224.2646,3588,8.9096,99.8766
nvme-ssd,SCSI,raw,randrw,64k,1,16,5,1176.9170,18829,1.6950,99.8933
nvme-ssd,SCSI,xfs,randrw,64k,1,16,5,1168.6992,18698,1.7069,99.8699
nvme-ssd,IDE,raw,randrw,64k,8,16,5,223.1465,3569,71.5063,99.9316
nvme-ssd,IDE,xfs,randrw,64k,8,16,5,231.7559,3707,68.8745,99.8766
nvme-ssd,SCSI,raw,randrw,64k,8,16,5,1284.8340,20556,12.4484,99.8866
nvme-ssd,SCSI,xfs,randrw,64k,8,16,5,1325.6172,21209,12.0645,99.8816
nvme-ssd,IDE,raw,randrw,64k,64,16,5,237.0049,3791,538.7598,99.9066
nvme-ssd,IDE,xfs,randrw,64k,64,16,5,232.3750,3717,549.5893,99.8732
nvme-ssd,SCSI,raw,randrw,64k,64,16,5,1274.7656,20395,100.3665,99.9099
nvme-ssd,SCSI,xfs,randrw,64k,64,16,5,1247.3428,19957,102.5668,99.9049
nvme-ssd,IDE,raw,randrw,256k,1,16,5,369.4922,1477,21.6078,99.9166
nvme-ssd,IDE,xfs,randrw,256k,1,16,5,380.3486,1520,20.9984,99.8749
nvme-ssd,SCSI,raw,randrw,256k,1,16,5,1263.2061,5052,6.3307,99.8899
nvme-ssd,SCSI,xfs,randrw,256k,1,16,5,1272.0312,5087,6.2868,99.8899
nvme-ssd,IDE,raw,randrw,256k,8,16,5,368.3438,1472,173.1799,99.9183
nvme-ssd,IDE,xfs,randrw,256k,8,16,5,393.0840,1572,162.4318,99.8916
nvme-ssd,SCSI,raw,randrw,256k,8,16,5,1297.2266,5188,49.3247,99.9366
nvme-ssd,SCSI,xfs,randrw,256k,8,16,5,1285.1553,5139,49.7824,99.8982
nvme-ssd,IDE,raw,randrw,256k,64,16,5,368.1172,1471,1383.4012,99.8699
nvme-ssd,IDE,xfs,randrw,256k,64,16,5,396.3447,1584,1284.7431,99.8399
nvme-ssd,SCSI,raw,randrw,256k,64,16,5,1275.0332,5099,400.9094,99.9967
nvme-ssd,SCSI,xfs,randrw,256k,64,16,5,1286.8086,5146,397.1512,99.9416